time_s,Temperature (Â°C),Stiring
1560.0,232.4,0.1
8654.0,250.4,0.1
2478.0,245.7,0.1
2417.0,246.2,0.1
7635.0,249.9,0.1
3948.0,250.0,0.1
2324.0,248.1,0.1
6938.0,250.0,0.1
3314.0,249.9,0.1
2915.0,248.5,0.1
6321.0,249.8,0.1
2996.0,248.9,0.1
8257.0,250.6,0.1
1051.0,182.9,0.1
2925.0,248.6,0.1
1103.0,187.2,0.1
5487.0,249.8,0.1
5784.0,249.9,0.1
5248.0,249.7,0.1
3475.0,249.9,0.1
5095.0,249.8,0.1
4421.0,250.1,0.1
7354.0,249.9,0.1
7763.0,250.0,0.1
7304.0,250.0,0.1
2082.0,252.2,0.1
53.0,115.2,0.1
1259.0,199.7,0.1
8661.0,250.3,0.1
7768.0,249.8,0.1
1779.0,252.4,0.1
7249.0,249.9,0.1
3569.0,249.7,0.1
737.0,158.6,0.1
6669.0,250.0,0.1
8457.0,250.3,0.1
5789.0,249.9,0.1
9118.0,249.9,0.1
6141.0,250.1,0.1
6188.0,250.0,0.1
5856.0,249.9,0.1
171.0,117.7,0.1
1774.0,252.3,0.1
8167.0,250.4,0.1
6507.0,249.8,0.1
5991.0,250.2,0.1
6821.0,250.0,0.1
7675.0,250.0,0.1
3480.0,249.9,0.1
4201.0,249.9,0.1
340.0,126.6,0.1
5775.0,250.0,0.1
8885.0,250.4,0.1
6107.0,250.1,0.1
8735.0,250.2,0.1
8339.0,250.2,0.1
3119.0,249.3,0.1
5347.0,250.0,0.1
4822.0,250.0,0.1
9085.0,250.0,0.1
6258.0,249.7,0.1
6185.0,250.1,0.1
8159.0,250.3,0.1
3632.0,250.2,0.1
4699.0,250.1,0.1
5586.0,249.9,0.1
2463.0,245.7,0.1
8292.0,250.5,0.1
7879.0,250.0,0.1
6360.0,250.0,0.1
5929.0,250.1,0.1
63.0,115.3,0.1
2663.0,246.1,0.1
2733.0,247.0,0.1
1954.0,253.6,0.1
3108.0,249.2,0.1
2878.0,248.4,0.1
8186.0,250.7,0.1
5283.0,249.8,0.1
4504.0,250.0,0.1
4660.0,250.0,0.1
4682.0,250.0,0.1
8857.0,250.2,0.1
9049.0,249.7,0.1
8451.0,250.3,0.1
7227.0,249.7,0.1
1600.0,237.3,0.1
3519.0,249.8,0.1
2220.0,250.0,0.1
803.0,163.7,0.1
3738.0,250.2,0.1
4039.0,249.8,0.1
6397.0,249.9,0.1
5041.0,250.1,0.1
8480.0,250.3,0.1
2258.0,248.9,0.1
2825.0,247.8,0.1
6769.0,250.0,0.1
7717.0,250.1,0.1
3085.0,249.3,0.1
1232.0,197.1,0.1
1190.0,194.0,0.1
6323.0,249.9,0.1
6913.0,250.3,0.1
4629.0,250.0,0.1
5465.0,249.7,0.1
4725.0,250.1,0.1
882.0,170.1,0.1
3696.0,250.3,0.1
2401.0,246.4,0.1
6826.0,250.0,0.1
462.0,137.6,0.1
3435.0,249.9,0.1
139.0,116.4,0.1
6788.0,250.0,0.1
4535.0,249.9,0.1
3703.0,250.3,0.1
7023.0,249.6,0.1
6550.0,249.9,0.1
3711.0,250.2,0.1
379.0,129.3,0.1
5048.0,250.0,0.1
8728.0,250.2,0.1
6672.0,250.0,0.1
943.0,174.5,0.1
4094.0,249.8,0.1
6240.0,249.7,0.1
7891.0,250.0,0.1
7654.0,250.0,0.1
3527.0,249.8,0.1
2024.0,253.0,0.1
3841.0,249.9,0.1
5166.0,249.8,0.1
6877.0,250.0,0.1
8176.0,250.5,0.1
5805.0,249.9,0.1
1390.0,212.7,0.1
3076.0,249.1,0.1
6790.0,250.0,0.1
4502.0,250.0,0.1
5419.0,250.0,0.1
5592.0,250.0,0.1
1131.0,189.1,0.1
6063.0,250.1,0.1
3721.0,250.2,0.1
3041.0,249.0,0.1
3722.0,250.2,0.1
8777.0,250.2,0.1
2552.0,245.3,0.1
5774.0,250.0,0.1
8177.0,250.5,0.1
7942.0,249.7,0.1
1266.0,200.4,0.1
3707.0,250.3,0.1
4311.0,250.0,0.1
5905.0,250.1,0.1
7286.0,250.0,0.1
7769.0,249.8,0.1
2594.0,245.3,0.1
7737.0,250.0,0.1
5638.0,250.1,0.1
5105.0,249.8,0.1
2212.0,250.1,0.1
4697.0,250.1,0.1
8523.0,250.2,0.1
1223.0,196.5,0.1
8423.0,250.5,0.1
2268.0,248.5,0.1
4907.0,250.0,0.1
8555.0,249.8,0.1
3185.0,249.7,0.1
8567.0,249.8,0.1
5078.0,249.8,0.1
2979.0,248.8,0.1
1830.0,253.5,0.1
4226.0,249.8,0.1
5782.0,249.9,0.1
9218.0,250.0,0.1
5212.0,249.8,0.1
7513.0,250.0,0.1
7896.0,250.0,0.1
3188.0,249.7,0.1
6514.0,249.9,0.1
1242.0,198.1,0.1
6961.0,249.8,0.1
1442.0,218.5,0.1
5606.0,250.0,0.1
3043.0,249.0,0.1
7669.0,250.0,0.1
5833.0,249.9,0.1
6263.0,249.9,0.1
4853.0,250.0,0.1
4656.0,250.0,0.1
8368.0,250.0,0.1
3224.0,249.9,0.1
6074.0,250.1,0.1
2939.0,248.8,0.1
8252.0,250.6,0.1
3623.0,250.3,0.1
2332.0,247.9,0.1
5885.0,250.1,0.1
1925.0,253.7,0.1
5394.0,250.0,0.1
8153.0,250.3,0.1
332.0,126.1,0.1
8681.0,250.3,0.1
8953.0,250.1,0.1
2999.0,248.9,0.1
7220.0,249.7,0.1
34.0,115.2,0.1
977.0,177.0,0.1
5018.0,250.1,0.1
7923.0,249.6,0.1
2287.0,248.4,0.1
599.0,148.7,0.1
1480.0,222.8,0.1
2307.0,248.4,0.1
8461.0,250.3,0.1
995.0,178.4,0.1
448.0,136.3,0.1
4474.0,249.9,0.1
5766.0,250.0,0.1
4262.0,250.0,0.1
889.0,170.5,0.1
2892.0,248.4,0.1
8865.0,250.3,0.1
417.0,132.4,0.1
6170.0,250.1,0.1
3198.0,249.8,0.1
125.0,115.9,0.1
2126.0,251.0,0.1
1280.0,201.8,0.1
6896.0,250.1,0.1
1085.0,185.7,0.1
7453.0,249.7,0.1
6589.0,249.8,0.1
7048.0,249.8,0.1
5626.0,250.0,0.1
8477.0,250.3,0.1
3981.0,249.7,0.1
3869.0,249.9,0.1
3449.0,249.8,0.1
6889.0,250.0,0.1
7145.0,249.7,0.1
6652.0,250.0,0.1
1524.0,227.7,0.1
7588.0,250.2,0.1
3723.0,250.2,0.1
5476.0,249.8,0.1
3186.0,249.7,0.1
5559.0,249.9,0.1
8315.0,250.3,0.1
1398.0,213.5,0.1
5324.0,249.9,0.1
2121.0,251.0,0.1
6445.0,249.8,0.1
8682.0,250.4,0.1
7657.0,250.0,0.1
865.0,168.8,0.1
1334.0,207.2,0.1
7759.0,250.0,0.1
706.0,156.2,0.1
5114.0,249.8,0.1
2335.0,247.8,0.1
1554.0,231.6,0.1
5133.0,249.8,0.1
8031.0,250.0,0.1
7864.0,249.6,0.1
4468.0,250.0,0.1
7798.0,249.3,0.1
1080.0,185.4,0.1
6259.0,249.8,0.1
7756.0,249.9,0.1
1833.0,253.6,0.1
8504.0,250.3,0.1
3715.0,250.2,0.1
644.0,152.0,0.1
3429.0,249.9,0.1
2174.0,250.8,0.1
4895.0,250.0,0.1
8326.0,250.3,0.1
6013.0,250.0,0.1
5365.0,250.0,0.1
6471.0,249.9,0.1
6245.0,249.7,0.1
7621.0,250.0,0.1
6350.0,249.9,0.1
5188.0,249.7,0.1
3337.0,249.8,0.1
8582.0,249.8,0.1
1908.0,253.7,0.1
5988.0,250.2,0.1
6343.0,250.0,0.1
2888.0,248.4,0.1
5684.0,249.9,0.1
4909.0,250.0,0.1
2189.0,250.5,0.1
2815.0,247.7,0.1
3821.0,249.9,0.1
4597.0,249.9,0.1
7903.0,250.1,0.1
7788.0,249.6,0.1
7011.0,249.6,0.1
6633.0,250.1,0.1
4007.0,249.8,0.1
3292.0,249.8,0.1
6000.0,250.1,0.1
3218.0,249.8,0.1
3822.0,249.9,0.1
2725.0,246.8,0.1
4680.0,250.0,0.1
3089.0,249.3,0.1
7526.0,249.9,0.1
4218.0,249.8,0.1
2102.0,251.4,0.1
3673.0,250.4,0.1
7715.0,250.1,0.1
3929.0,250.0,0.1
3370.0,249.8,0.1
2469.0,245.7,0.1
8867.0,250.4,0.1
2858.0,248.1,0.1
2076.0,252.1,0.1
2434.0,245.9,0.1
3901.0,250.0,0.1
2537.0,245.3,0.1
51.0,115.2,0.1
3991.0,249.8,0.1
8137.0,250.6,0.1
723.0,157.3,0.1
605.0,148.9,0.1
5760.0,249.9,0.1
6598.0,250.0,0.1
7081.0,249.9,0.1
1814.0,253.3,0.1
200.0,118.9,0.1
9187.0,249.9,0.1
5306.0,249.9,0.1
2490.0,245.5,0.1
1241.0,198.0,0.1
5529.0,249.9,0.1
6403.0,249.9,0.1
5393.0,250.0,0.1
3726.0,250.2,0.1
5286.0,249.8,0.1
4796.0,250.1,0.1
1281.0,201.9,0.1
463.0,137.7,0.1
259.0,121.9,0.1
7064.0,249.8,0.1
2935.0,248.8,0.1
296.0,123.7,0.1
3515.0,249.8,0.1
5545.0,249.9,0.1
890.0,170.6,0.1
7276.0,250.0,0.1
5618.0,250.0,0.1
6926.0,250.1,0.1
4083.0,249.7,0.1
6671.0,250.0,0.1
5531.0,249.9,0.1
6766.0,250.1,0.1
2960.0,248.7,0.1
9001.0,249.9,0.1
6151.0,250.2,0.1
2541.0,245.3,0.1
5785.0,249.9,0.1
1238.0,197.8,0.1
4753.0,250.2,0.1
6383.0,250.0,0.1
6314.0,249.8,0.1
3941.0,249.9,0.1
3819.0,249.9,0.1
627.0,150.8,0.1
380.0,129.3,0.1
1169.0,192.2,0.1
1304.0,204.4,0.1
368.0,128.6,0.1
1611.0,238.8,0.1
4761.0,250.2,0.1
2659.0,246.0,0.1
1980.0,253.3,0.1
5504.0,249.8,0.1
2667.0,246.1,0.1
1250.0,198.9,0.1
4482.0,249.9,0.1
8922.0,250.4,0.1
8781.0,250.2,0.1
7591.0,250.2,0.1
6344.0,250.0,0.1
4480.0,249.9,0.1
4131.0,249.6,0.1
6856.0,250.2,0.1
7243.0,249.9,0.1
7169.0,249.6,0.1
6720.0,250.0,0.1
8890.0,250.4,0.1
1541.0,229.6,0.1
6675.0,250.1,0.1
5104.0,249.8,0.1
7080.0,249.9,0.1
4471.0,250.0,0.1
5732.0,249.8,0.1
5679.0,249.9,0.1
2340.0,247.7,0.1
1290.0,202.7,0.1
6810.0,250.1,0.1
5144.0,249.7,0.1
6947.0,250.0,0.1
5873.0,250.1,0.1
2267.0,248.5,0.1
5524.0,249.9,0.1
8911.0,250.4,0.1
2099.0,251.5,0.1
8419.0,250.5,0.1
2290.0,248.5,0.1
5612.0,250.0,0.1
2361.0,247.3,0.1
5644.0,250.1,0.1
8714.0,250.2,0.1
3922.0,250.1,0.1
674.0,153.8,0.1
3266.0,249.8,0.1
6965.0,249.7,0.1
6136.0,250.1,0.1
1310.0,205.0,0.1
8376.0,250.0,0.1
8127.0,250.6,0.1
4360.0,250.0,0.1
6349.0,249.9,0.1
7817.0,249.3,0.1
6355.0,250.0,0.1
5098.0,249.8,0.1
7527.0,249.9,0.1
5152.0,249.8,0.1
5176.0,249.8,0.1
1189.0,193.9,0.1
4667.0,250.1,0.1
8314.0,250.3,0.1
6428.0,249.9,0.1
205.0,119.2,0.1
2019.0,253.0,0.1
7723.0,250.0,0.1
4781.0,250.1,0.1
2016.0,253.0,0.1
7210.0,249.6,0.1
8629.0,250.4,0.1
424.0,133.0,0.1
2633.0,245.7,0.1
8620.0,250.4,0.1
843.0,167.1,0.1
7374.0,249.6,0.1
8051.0,250.1,0.1
7993.0,249.8,0.1
2010.0,253.1,0.1
8899.0,250.3,0.1
2155.0,250.8,0.1
5080.0,249.8,0.1
7326.0,249.9,0.1
84.0,115.3,0.1
9210.0,249.9,0.1
1932.0,253.6,0.1
2364.0,247.2,0.1
1466.0,221.2,0.1
641.0,151.8,0.1
5624.0,250.0,0.1
228.0,120.3,0.1
3951.0,249.9,0.1
3149.0,249.5,0.1
3113.0,249.2,0.1
7182.0,249.5,0.1
4328.0,249.9,0.1
1163.0,191.5,0.1
7092.0,249.8,0.1
5605.0,250.0,0.1
3549.0,249.7,0.1
1097.0,186.7,0.1
2588.0,245.4,0.1
3616.0,250.3,0.1
285.0,123.2,0.1
2244.0,249.4,0.1
4252.0,249.9,0.1
3049.0,249.0,0.1
1191.0,194.0,0.1
6402.0,249.9,0.1
745.0,159.2,0.1
6548.0,249.9,0.1
8335.0,250.2,0.1
7005.0,249.5,0.1
600.0,148.7,0.1
5022.0,250.1,0.1
1757.0,251.6,0.1
3394.0,249.7,0.1
7564.0,250.0,0.1
7281.0,250.1,0.1
8947.0,250.1,0.1
7685.0,250.0,0.1
1847.0,253.7,0.1
7401.0,249.5,0.1
4826.0,250.0,0.1
4894.0,250.0,0.1
839.0,166.7,0.1
3291.0,249.8,0.1
3975.0,249.8,0.1
8011.0,250.0,0.1
939.0,174.1,0.1
1990.0,253.3,0.1
3811.0,249.9,0.1
6802.0,250.1,0.1
4851.0,250.1,0.1
1698.0,248.5,0.1
7167.0,249.6,0.1
8285.0,250.6,0.1
8161.0,250.3,0.1
6893.0,250.0,0.1
4272.0,250.0,0.1
5995.0,250.1,0.1
7924.0,249.5,0.1
91.0,115.3,0.1
6685.0,250.0,0.1
4211.0,249.8,0.1
9002.0,249.9,0.1
5208.0,249.8,0.1
403.0,131.3,0.1
40.0,115.2,0.1
924.0,173.1,0.1
2384.0,246.8,0.1
1811.0,253.1,0.1
6859.0,250.1,0.1
5483.0,249.8,0.1
3523.0,249.8,0.1
6613.0,250.0,0.1
2747.0,247.1,0.1
181.0,118.1,0.1
3544.0,249.8,0.1
312.0,124.9,0.1
6593.0,249.8,0.1
7492.0,249.9,0.1
3490.0,249.8,0.1
2453.0,245.7,0.1
1533.0,228.6,0.1
9099.0,249.9,0.1
3540.0,249.8,0.1
2368.0,247.1,0.1
572.0,147.1,0.1
4276.0,250.0,0.1
8633.0,250.4,0.1
1912.0,253.7,0.1
2909.0,248.5,0.1
1213.0,195.6,0.1
9046.0,249.7,0.1
5628.0,250.0,0.1
2476.0,245.7,0.1
1319.0,205.8,0.1
1552.0,231.2,0.1
612.0,149.5,0.1
3762.0,250.1,0.1
4870.0,250.0,0.1
4441.0,249.9,0.1
1265.0,200.3,0.1
864.0,168.7,0.1
3372.0,249.8,0.1
1869.0,253.9,0.1
8083.0,250.4,0.1
5284.0,249.8,0.1
514.0,142.3,0.1
4720.0,250.1,0.1
325.0,125.6,0.1
7495.0,249.9,0.1
7425.0,249.4,0.1
7819.0,249.3,0.1
3739.0,250.2,0.1
1537.0,229.1,0.1
7998.0,249.8,0.1
8871.0,250.4,0.1
3315.0,249.9,0.1
4854.0,250.0,0.1
6950.0,250.0,0.1
1865.0,253.8,0.1
1436.0,217.6,0.1
891.0,170.7,0.1
2895.0,248.5,0.1
4263.0,250.0,0.1
521.0,142.9,0.1
4127.0,249.6,0.1
1236.0,197.5,0.1
1494.0,224.2,0.1
6197.0,250.0,0.1
3253.0,249.7,0.1
721.0,157.2,0.1
4306.0,249.9,0.1
18.0,115.0,0.1
5177.0,249.8,0.1
6166.0,250.1,0.1
5536.0,249.9,0.1
4744.0,250.0,0.1
4224.0,249.8,0.1
5663.0,249.9,0.1
6570.0,249.9,0.1
2209.0,250.1,0.1
1415.0,215.3,0.1
1012.0,179.9,0.1
9179.0,249.8,0.1
7538.0,249.9,0.1
6064.0,250.1,0.1
5990.0,250.2,0.1
6485.0,249.8,0.1
2074.0,252.1,0.1
1548.0,230.7,0.1
1664.0,245.3,0.1
5597.0,250.0,0.1
655.0,152.7,0.1
1324.0,206.3,0.1
5690.0,249.8,0.1
7209.0,249.6,0.1
5938.0,250.1,0.1
1961.0,253.5,0.1
1167.0,192.0,0.1
2549.0,245.3,0.1
4777.0,250.1,0.1
7115.0,249.6,0.1
1964.0,253.5,0.1
3954.0,249.9,0.1
7340.0,249.8,0.1
7868.0,249.8,0.1
5363.0,250.0,0.1
7626.0,250.0,0.1
9164.0,249.9,0.1
7260.0,250.0,0.1
7207.0,249.6,0.1
8926.0,250.4,0.1
9033.0,249.8,0.1
6515.0,249.9,0.1
4945.0,250.1,0.1
2101.0,251.4,0.1
7096.0,249.8,0.1
6084.0,250.1,0.1
6249.0,249.7,0.1
5896.0,250.0,0.1
8117.0,250.4,0.1
116.0,115.8,0.1
5947.0,250.1,0.1
8669.0,250.2,0.1
3608.0,250.1,0.1
3521.0,249.8,0.1
2691.0,246.4,0.1
8209.0,250.6,0.1
7103.0,249.8,0.1
8212.0,250.6,0.1
3605.0,250.1,0.1
6808.0,250.1,0.1
1365.0,210.0,0.1
3307.0,250.0,0.1
9214.0,249.9,0.1
3719.0,250.2,0.1
2562.0,245.2,0.1
3310.0,250.0,0.1
1257.0,199.6,0.1
7162.0,249.7,0.1
6735.0,250.1,0.1
2068.0,251.9,0.1
6316.0,249.8,0.1
2491.0,245.5,0.1
2134.0,250.9,0.1
8941.0,250.2,0.1
9163.0,249.9,0.1
8468.0,250.3,0.1
4169.0,249.8,0.1
731.0,158.1,0.1
8010.0,250.0,0.1
4905.0,250.0,0.1
3959.0,249.8,0.1
7972.0,250.2,0.1
715.0,156.7,0.1
4810.0,250.1,0.1
2204.0,250.2,0.1
5637.0,250.1,0.1
4617.0,249.9,0.1
2130.0,250.9,0.1
7802.0,249.3,0.1
3226.0,249.9,0.1
1913.0,253.7,0.1
3614.0,250.2,0.1
6367.0,250.0,0.1
1476.0,222.2,0.1
825.0,165.7,0.1
8597.0,250.2,0.1
3584.0,250.0,0.1
597.0,148.6,0.1
6291.0,249.7,0.1
5294.0,249.8,0.1
5722.0,249.8,0.1
894.0,170.9,0.1
1636.0,242.1,0.1
5934.0,250.1,0.1
2987.0,248.7,0.1
1464.0,221.0,0.1
5919.0,250.1,0.1
6106.0,250.1,0.1
2676.0,246.2,0.1
4838.0,250.1,0.1
8545.0,250.1,0.1
8296.0,250.4,0.1
1778.0,252.4,0.1
1788.0,252.6,0.1
5102.0,249.8,0.1
2313.0,248.3,0.1
5318.0,249.8,0.1
8029.0,250.0,0.1
135.0,116.3,0.1
1118.0,188.4,0.1
1927.0,253.7,0.1
4668.0,250.1,0.1
8510.0,250.2,0.1
252.0,121.5,0.1
359.0,128.0,0.1
6265.0,249.9,0.1
8745.0,250.3,0.1
8311.0,250.2,0.1
1592.0,236.3,0.1
1842.0,253.7,0.1
6922.0,250.2,0.1
8920.0,250.4,0.1
7099.0,249.8,0.1
1584.0,235.2,0.1
5517.0,249.9,0.1
4145.0,249.6,0.1
4256.0,249.9,0.1
5479.0,249.8,0.1
3079.0,249.2,0.1
2723.0,246.8,0.1
6605.0,250.0,0.1
6540.0,249.7,0.1
2655.0,246.0,0.1
7457.0,249.7,0.1
8081.0,250.3,0.1
2370.0,247.1,0.1
3877.0,249.9,0.1
2040.0,252.7,0.1
1484.0,223.2,0.1
1520.0,227.2,0.1
4580.0,249.9,0.1
3469.0,249.8,0.1
8045.0,250.1,0.1
3748.0,250.2,0.1
7034.0,249.6,0.1
8362.0,250.1,0.1
6895.0,250.0,0.1
5957.0,250.2,0.1
8696.0,250.1,0.1
1930.0,253.6,0.1
2021.0,253.0,0.1
5006.0,250.1,0.1
2556.0,245.3,0.1
7266.0,250.1,0.1
7861.0,249.6,0.1
2464.0,245.7,0.1
1505.0,225.4,0.1
466.0,138.0,0.1
5931.0,250.1,0.1
2477.0,245.7,0.1
8353.0,250.3,0.1
537.0,144.2,0.1
3309.0,250.0,0.1
2934.0,248.8,0.1
2286.0,248.4,0.1
3214.0,249.8,0.1
4266.0,250.0,0.1
8434.0,250.4,0.1
7036.0,249.6,0.1
5799.0,249.9,0.1
2598.0,245.3,0.1
1264.0,200.2,0.1
1064.0,184.1,0.1
5842.0,249.9,0.1
160.0,117.3,0.1
9022.0,249.9,0.1
6678.0,250.1,0.1
3150.0,249.5,0.1
7611.0,250.0,0.1
3419.0,249.9,0.1
2816.0,247.7,0.1
8047.0,250.1,0.1
7487.0,249.9,0.1
6243.0,249.7,0.1
5639.0,250.1,0.1
4366.0,250.1,0.1
1805.0,252.9,0.1
4966.0,250.1,0.1
903.0,171.7,0.1
854.0,167.9,0.1
8858.0,250.2,0.1
2061.0,251.9,0.1
2475.0,245.7,0.1
3436.0,249.9,0.1
7546.0,250.0,0.1
3348.0,250.0,0.1
662.0,153.2,0.1
4584.0,249.9,0.1
3421.0,249.9,0.1
5044.0,250.1,0.1
4028.0,249.8,0.1
4037.0,249.8,0.1
2847.0,247.9,0.1
4443.0,249.9,0.1
4816.0,250.0,0.1
5653.0,250.0,0.1
7216.0,249.7,0.1
3390.0,249.8,0.1
2601.0,245.4,0.1
6750.0,250.1,0.1
8470.0,250.3,0.1
7606.0,250.0,0.1
4288.0,250.0,0.1
8241.0,250.6,0.1
8782.0,250.2,0.1
8004.0,249.7,0.1
7131.0,249.6,0.1
3346.0,249.9,0.1
7664.0,250.0,0.1
1405.0,214.3,0.1
7228.0,249.7,0.1
5534.0,249.9,0.1
7829.0,249.3,0.1
5291.0,249.8,0.1
7676.0,250.1,0.1
7571.0,250.2,0.1
2690.0,246.4,0.1
768.0,160.9,0.1
8994.0,249.9,0.1
8144.0,250.5,0.1
6923.0,250.2,0.1
7679.0,250.2,0.1
8650.0,250.3,0.1
381.0,129.4,0.1
4461.0,249.9,0.1
1892.0,253.8,0.1
7065.0,249.8,0.1
6829.0,250.0,0.1
6144.0,250.1,0.1
2828.0,247.8,0.1
6161.0,250.2,0.1
1207.0,195.1,0.1
4552.0,249.9,0.1
7372.0,249.6,0.1
6967.0,249.7,0.1
3122.0,249.3,0.1
2031.0,252.9,0.1
955.0,175.3,0.1
578.0,147.5,0.1
651.0,152.4,0.1
2759.0,247.2,0.1
7523.0,249.9,0.1
7682.0,250.1,0.1
1054.0,183.2,0.1
6076.0,250.1,0.1
6588.0,249.8,0.1
9147.0,249.8,0.1
25.0,115.1,0.1
3522.0,249.8,0.1
7045.0,249.7,0.1
3034.0,249.0,0.1
8964.0,250.1,0.1
5431.0,250.0,0.1
663.0,153.3,0.1
1620.0,240.1,0.1
1625.0,240.7,0.1
8014.0,250.1,0.1
2092.0,251.8,0.1
7463.0,249.8,0.1
1911.0,253.7,0.1
3081.0,249.2,0.1
6894.0,250.0,0.1
5265.0,249.8,0.1
216.0,119.6,0.1
639.0,151.6,0.1
5151.0,249.7,0.1
3708.0,250.3,0.1
5800.0,249.9,0.1
8284.0,250.6,0.1
1211.0,195.4,0.1
5092.0,249.8,0.1
8723.0,250.2,0.1
5288.0,249.8,0.1
4453.0,249.9,0.1
2502.0,245.4,0.1
3388.0,249.8,0.1
5748.0,249.9,0.1
4451.0,249.9,0.1
5879.0,250.0,0.1
4858.0,250.1,0.1
9123.0,249.8,0.1
7366.0,249.6,0.1
5783.0,249.9,0.1
2952.0,248.7,0.1
5401.0,250.0,0.1
2700.0,246.4,0.1
3924.0,250.1,0.1
494.0,140.5,0.1
6795.0,250.0,0.1
2199.0,250.4,0.1
8625.0,250.4,0.1
246.0,121.3,0.1
7387.0,249.7,0.1
2322.0,248.1,0.1
5754.0,249.9,0.1
4931.0,250.0,0.1
7301.0,250.0,0.1
7683.0,250.1,0.1
6979.0,249.6,0.1
1416.0,215.4,0.1
3451.0,249.8,0.1
3753.0,250.2,0.1
2672.0,246.2,0.1
2037.0,252.8,0.1
8842.0,249.9,0.1
4452.0,249.9,0.1
1454.0,219.8,0.1
876.0,169.6,0.1
6266.0,249.9,0.1
2898.0,248.5,0.1
2778.0,247.5,0.1
4321.0,249.9,0.1
6817.0,250.1,0.1
791.0,162.7,0.1
4813.0,250.0,0.1
606.0,149.0,0.1
5440.0,249.9,0.1
3925.0,250.0,0.1
4440.0,249.9,0.1
3052.0,249.0,0.1
7966.0,250.2,0.1
6835.0,250.0,0.1
4327.0,249.9,0.1
8465.0,250.3,0.1
8281.0,250.5,0.1
4932.0,250.0,0.1
5234.0,249.7,0.1
8063.0,250.1,0.1
522.0,143.0,0.1
5708.0,249.9,0.1
3992.0,249.8,0.1
7665.0,250.0,0.1
322.0,125.5,0.1
1660.0,245.0,0.1
3997.0,249.8,0.1
3844.0,249.9,0.1
5960.0,250.2,0.1
5503.0,249.8,0.1
8211.0,250.6,0.1
15.0,114.9,0.1
8805.0,250.1,0.1
5998.0,250.1,0.1
9223.0,250.0,0.1
3916.0,250.1,0.1
89.0,115.3,0.1
8866.0,250.3,0.1
659.0,153.0,0.1
391.0,130.2,0.1
4167.0,249.8,0.1
7378.0,249.7,0.1
6774.0,250.1,0.1
8990.0,250.0,0.1
4789.0,250.1,0.1
270.0,122.4,0.1
310.0,124.8,0.1
7019.0,249.6,0.1
7221.0,249.7,0.1
7252.0,249.9,0.1
973.0,176.7,0.1
2043.0,252.6,0.1
8262.0,250.4,0.1
8795.0,250.1,0.1
6584.0,249.8,0.1
3019.0,249.0,0.1
7113.0,249.6,0.1
6512.0,249.9,0.1
6909.0,250.3,0.1
2851.0,248.0,0.1
2792.0,247.6,0.1
1033.0,181.6,0.1
3371.0,249.8,0.1
7771.0,249.7,0.1
5367.0,250.0,0.1
7773.0,249.7,0.1
861.0,168.4,0.1
4314.0,250.0,0.1
390.0,130.1,0.1
4112.0,249.6,0.1
2946.0,248.7,0.1
7834.0,249.5,0.1
1518.0,226.9,0.1
4665.0,250.1,0.1
4019.0,249.7,0.1
6092.0,250.1,0.1
2406.0,246.4,0.1
842.0,166.9,0.1
9087.0,250.0,0.1
770.0,161.1,0.1
4704.0,250.1,0.1
7663.0,250.0,0.1
976.0,176.9,0.1
6075.0,250.1,0.1
8371.0,250.0,0.1
8399.0,250.2,0.1
5161.0,249.8,0.1
7274.0,250.0,0.1
5932.0,250.1,0.1
2932.0,248.8,0.1
3770.0,250.0,0.1
6317.0,249.8,0.1
990.0,178.0,0.1
6813.0,250.1,0.1
6610.0,250.0,0.1
3799.0,249.9,0.1
1221.0,196.3,0.1
4114.0,249.6,0.1
4237.0,249.9,0.1
1138.0,189.8,0.1
8057.0,250.1,0.1
3503.0,249.9,0.1
6628.0,250.1,0.1
1216.0,196.0,0.1
2679.0,246.2,0.1
8157.0,250.3,0.1
6609.0,250.0,0.1
950.0,175.0,0.1
5976.0,250.1,0.1
6556.0,249.9,0.1
8796.0,250.1,0.1
8217.0,250.8,0.1
5893.0,250.0,0.1
8729.0,250.2,0.1
2602.0,245.5,0.1
7928.0,249.4,0.1
5359.0,249.9,0.1
5855.0,249.9,0.1
7521.0,250.0,0.1
7190.0,249.5,0.1
2657.0,246.0,0.1
7953.0,249.9,0.1
7732.0,250.0,0.1
5652.0,250.0,0.1
3787.0,250.1,0.1
716.0,156.8,0.1
8067.0,250.1,0.1
2271.0,248.5,0.1
3794.0,250.0,0.1
5794.0,249.9,0.1
883.0,170.1,0.1
5613.0,250.0,0.1
4748.0,250.1,0.1
5150.0,249.7,0.1
6812.0,250.1,0.1
4473.0,250.0,0.1
7014.0,249.6,0.1
9114.0,250.0,0.1
1278.0,201.5,0.1
6767.0,250.1,0.1
2790.0,247.6,0.1
1208.0,195.2,0.1
5910.0,250.1,0.1
7108.0,249.7,0.1
6984.0,249.5,0.1
7719.0,250.1,0.1
9035.0,249.8,0.1
6479.0,249.8,0.1
4532.0,249.9,0.1
6779.0,250.1,0.1
8025.0,250.0,0.1
7165.0,249.6,0.1
3083.0,249.3,0.1
4125.0,249.6,0.1
5477.0,249.8,0.1
1143.0,190.2,0.1
3883.0,249.9,0.1
2243.0,249.5,0.1
1164.0,191.7,0.1
6303.0,249.8,0.1
7912.0,249.8,0.1
6335.0,250.0,0.1
2143.0,250.8,0.1
1267.0,200.5,0.1
5438.0,249.9,0.1
936.0,173.9,0.1
4550.0,249.9,0.1
2802.0,247.7,0.1
4455.0,249.9,0.1
7915.0,249.8,0.1
3600.0,250.0,0.1
3511.0,249.8,0.1
4625.0,250.0,0.1
7832.0,249.4,0.1
5304.0,249.9,0.1
3357.0,250.0,0.1
6017.0,250.0,0.1
6082.0,250.1,0.1
1418.0,215.6,0.1
9081.0,250.1,0.1
4265.0,250.0,0.1
3825.0,249.9,0.1
3003.0,248.9,0.1
8976.0,250.2,0.1
4637.0,250.0,0.1
5238.0,249.7,0.1
4881.0,250.1,0.1
4519.0,250.0,0.1
5116.0,249.8,0.1
7128.0,249.6,0.1
8780.0,250.2,0.1
6563.0,249.9,0.1
5676.0,249.9,0.1
7728.0,250.0,0.1
3596.0,250.0,0.1
3724.0,250.2,0.1
3728.0,250.2,0.1
7078.0,249.9,0.1
4173.0,249.8,0.1
3110.0,249.2,0.1
1.0,114.9,0.1
7043.0,249.6,0.1
1035.0,181.8,0.1
4940.0,250.0,0.1
3912.0,250.1,0.1
5645.0,250.1,0.1
6854.0,250.2,0.1
4995.0,250.0,0.1
5326.0,249.9,0.1
5218.0,249.8,0.1
1449.0,219.3,0.1
4362.0,250.1,0.1
6190.0,250.0,0.1
1292.0,202.9,0.1
906.0,171.9,0.1
4867.0,250.0,0.1
6901.0,250.3,0.1
4401.0,250.0,0.1
1008.0,179.6,0.1
7180.0,249.5,0.1
8071.0,250.1,0.1
2415.0,246.2,0.1
6645.0,250.0,0.1
8677.0,250.2,0.1
2970.0,248.8,0.1
3842.0,249.9,0.1
5002.0,250.0,0.1
6137.0,250.1,0.1
3048.0,249.0,0.1
1717.0,249.7,0.1
1894.0,253.8,0.1
8859.0,250.2,0.1
1048.0,182.7,0.1
824.0,165.6,0.1
1523.0,227.5,0.1
2794.0,247.6,0.1
3096.0,249.3,0.1
501.0,141.1,0.1
1039.0,182.0,0.1
8534.0,250.3,0.1
5621.0,250.0,0.1
6062.0,250.1,0.1
5944.0,250.1,0.1
3381.0,249.9,0.1
4974.0,250.0,0.1
4036.0,249.8,0.1
6125.0,250.1,0.1
4022.0,249.8,0.1
4361.0,250.0,0.1
6011.0,250.0,0.1
8052.0,250.1,0.1
5578.0,249.9,0.1
3478.0,249.9,0.1
5867.0,249.9,0.1
801.0,163.5,0.1
1395.0,213.2,0.1
875.0,169.5,0.1
8225.0,250.8,0.1
6184.0,250.1,0.1
937.0,174.0,0.1
6368.0,250.0,0.1
166.0,117.6,0.1
4962.0,250.1,0.1
3563.0,249.6,0.1
6230.0,249.8,0.1
3742.0,250.2,0.1
6552.0,249.9,0.1
4161.0,249.7,0.1
8691.0,250.3,0.1
442.0,135.6,0.1
7193.0,249.6,0.1
8439.0,250.4,0.1
3909.0,250.0,0.1
8141.0,250.5,0.1
4050.0,249.9,0.1
980.0,177.2,0.1
8932.0,250.4,0.1
4503.0,250.0,0.1
3016.0,249.0,0.1
902.0,171.6,0.1
7878.0,250.0,0.1
5201.0,249.7,0.1
1122.0,188.6,0.1
8690.0,250.3,0.1
6642.0,250.1,0.1
9174.0,249.8,0.1
3486.0,249.8,0.1
6464.0,249.8,0.1
5727.0,249.8,0.1
8737.0,250.2,0.1
5515.0,249.9,0.1
1309.0,204.9,0.1
6733.0,250.1,0.1
6640.0,250.1,0.1
5943.0,250.1,0.1
3807.0,249.9,0.1
3547.0,249.7,0.1
9129.0,249.8,0.1
2573.0,245.1,0.1
3590.0,250.0,0.1
2737.0,247.0,0.1
7217.0,249.7,0.1
8658.0,250.4,0.1
523.0,143.1,0.1
1564.0,232.8,0.1
720.0,157.1,0.1
735.0,158.4,0.1
4458.0,249.9,0.1
7009.0,249.6,0.1
6949.0,250.0,0.1
5254.0,249.8,0.1
4209.0,249.8,0.1
6424.0,249.9,0.1
215.0,119.5,0.1
993.0,178.3,0.1
2055.0,251.9,0.1
5812.0,249.9,0.1
7505.0,249.9,0.1
8181.0,250.7,0.1
4227.0,249.8,0.1
1114.0,188.1,0.1
4693.0,250.1,0.1
6105.0,250.1,0.1
1116.0,188.2,0.1
8512.0,250.2,0.1
6866.0,250.1,0.1
3963.0,249.8,0.1
364.0,128.3,0.1
3425.0,249.9,0.1
2344.0,247.6,0.1
2060.0,251.9,0.1
5107.0,249.8,0.1
800.0,163.4,0.1
3952.0,249.9,0.1
1539.0,229.3,0.1
6822.0,250.0,0.1
887.0,170.4,0.1
6708.0,250.0,0.1
3440.0,249.9,0.1
3009.0,248.9,0.1
1755.0,251.6,0.1
6561.0,249.9,0.1
7154.0,249.7,0.1
2108.0,251.4,0.1
398.0,130.9,0.1
2389.0,246.7,0.1
7494.0,249.9,0.1
6304.0,249.8,0.1
8547.0,249.9,0.1
7522.0,250.0,0.1
6010.0,250.0,0.1
2505.0,245.4,0.1
2842.0,247.9,0.1
5927.0,250.1,0.1
681.0,154.3,0.1
3944.0,249.9,0.1
8904.0,250.3,0.1
8840.0,249.9,0.1
7610.0,250.0,0.1
451.0,136.7,0.1
6165.0,250.1,0.1
4640.0,250.0,0.1
6607.0,250.0,0.1
7181.0,249.5,0.1
9140.0,249.9,0.1
6664.0,250.0,0.1
2734.0,247.0,0.1
4469.0,250.0,0.1
7640.0,250.0,0.1
5128.0,249.7,0.1
6573.0,249.9,0.1
4670.0,250.1,0.1
6242.0,249.7,0.1
8544.0,250.1,0.1
4371.0,250.1,0.1
1434.0,217.4,0.1
7532.0,249.8,0.1
1083.0,185.6,0.1
2429.0,246.0,0.1
3270.0,249.9,0.1
9139.0,249.9,0.1
6986.0,249.5,0.1
414.0,132.1,0.1
1619.0,239.9,0.1
610.0,149.3,0.1
3450.0,249.8,0.1
8624.0,250.4,0.1
4070.0,249.8,0.1
6129.0,250.1,0.1
2544.0,245.3,0.1
3408.0,249.8,0.1
8502.0,250.3,0.1
3302.0,250.0,0.1
5376.0,249.9,0.1
2052.0,252.2,0.1
9019.0,249.9,0.1
2891.0,248.4,0.1
2489.0,245.5,0.1
7739.0,250.0,0.1
6358.0,250.0,0.1
4466.0,250.0,0.1
3094.0,249.3,0.1
5043.0,250.1,0.1
5841.0,249.9,0.1
197.0,118.8,0.1
2886.0,248.3,0.1
4225.0,249.8,0.1
2619.0,245.7,0.1
7906.0,250.0,0.1
2306.0,248.4,0.1
6592.0,249.8,0.1
5562.0,249.9,0.1
3938.0,249.9,0.1
8058.0,250.1,0.1
1967.0,253.5,0.1
7230.0,249.8,0.1
5603.0,250.0,0.1
880.0,169.9,0.1
753.0,159.7,0.1
7462.0,249.8,0.1
5972.0,250.0,0.1
1302.0,204.1,0.1
2201.0,250.4,0.1
4413.0,250.1,0.1
2830.0,247.8,0.1
1134.0,189.4,0.1
8312.0,250.2,0.1
673.0,153.8,0.1
2161.0,250.7,0.1
5478.0,249.8,0.1
5500.0,249.8,0.1
1859.0,253.9,0.1
701.0,155.9,0.1
4570.0,249.9,0.1
3137.0,249.5,0.1
5930.0,250.1,0.1
1432.0,217.1,0.1
3640.0,250.2,0.1
2251.0,249.1,0.1
2294.0,248.6,0.1
8613.0,250.4,0.1
2811.0,247.6,0.1
327.0,125.7,0.1
8276.0,250.4,0.1
6982.0,249.6,0.1
365.0,128.4,0.1
528.0,143.5,0.1
5950.0,250.2,0.1
6336.0,250.0,0.1
469.0,138.3,0.1
5568.0,249.9,0.1
963.0,176.1,0.1
3362.0,249.8,0.1
4359.0,250.0,0.1
5157.0,249.8,0.1
7079.0,249.9,0.1
9050.0,249.7,0.1
1996.0,253.2,0.1
5683.0,249.9,0.1
6357.0,250.0,0.1
6281.0,249.7,0.1
7229.0,249.8,0.1
419.0,132.5,0.1
1856.0,253.8,0.1
4762.0,250.2,0.1
7001.0,249.5,0.1
7960.0,249.9,0.1
8488.0,250.3,0.1
16.0,114.9,0.1
5183.0,249.7,0.1
3700.0,250.3,0.1
1303.0,204.2,0.1
109.0,115.7,0.1
8202.0,250.4,0.1
7403.0,249.5,0.1
1511.0,226.1,0.1
1158.0,191.1,0.1
2117.0,251.1,0.1
727.0,157.7,0.1
7659.0,250.0,0.1
4245.0,249.9,0.1
8756.0,250.3,0.1
1553.0,231.4,0.1
7084.0,249.9,0.1
4892.0,250.0,0.1
3499.0,249.8,0.1
4767.0,250.1,0.1
8283.0,250.6,0.1
8102.0,250.5,0.1
7629.0,250.0,0.1
1812.0,253.2,0.1
275.0,122.8,0.1
3015.0,249.0,0.1
167.0,117.6,0.1
156.0,117.1,0.1
6603.0,250.0,0.1
3827.0,249.9,0.1
1235.0,197.4,0.1
4165.0,249.8,0.1
1696.0,248.3,0.1
8719.0,250.2,0.1
8187.0,250.6,0.1
5657.0,250.0,0.1
163.0,117.5,0.1
2748.0,247.1,0.1
2810.0,247.6,0.1
1886.0,253.9,0.1
3888.0,249.9,0.1
9036.0,249.8,0.1
5026.0,250.1,0.1
6932.0,250.1,0.1
767.0,160.8,0.1
5012.0,250.1,0.1
1381.0,211.7,0.1
4341.0,250.0,0.1
7386.0,249.7,0.1
5009.0,250.1,0.1
3501.0,249.8,0.1
2787.0,247.5,0.1
8596.0,250.1,0.1
4993.0,250.0,0.1
717.0,156.9,0.1
2520.0,245.3,0.1
3554.0,249.8,0.1
4980.0,250.0,0.1
3824.0,249.9,0.1
4772.0,250.1,0.1
3496.0,249.8,0.1
8479.0,250.3,0.1
8752.0,250.3,0.1
4426.0,250.1,0.1
6394.0,249.9,0.1
3385.0,249.9,0.1
4244.0,249.9,0.1
2675.0,246.2,0.1
2365.0,247.2,0.1
3585.0,250.0,0.1
5726.0,249.8,0.1
3090.0,249.3,0.1
8751.0,250.3,0.1
6690.0,250.1,0.1
7649.0,250.0,0.1
7119.0,249.6,0.1
3500.0,249.8,0.1
5069.0,249.8,0.1
3447.0,249.8,0.1
7094.0,249.8,0.1
1129.0,189.0,0.1
6189.0,250.0,0.1
7857.0,249.5,0.1
8334.0,250.2,0.1
299.0,124.0,0.1
5697.0,249.9,0.1
4339.0,250.0,0.1
1072.0,184.8,0.1
5378.0,249.9,0.1
3125.0,249.4,0.1
4450.0,249.9,0.1
809.0,164.3,0.1
6832.0,250.0,0.1
2318.0,248.2,0.1
7840.0,249.5,0.1
1786.0,252.6,0.1
877.0,169.7,0.1
2380.0,246.8,0.1
1566.0,233.0,0.1
896.0,171.2,0.1
6384.0,250.0,0.1
3026.0,249.1,0.1
4278.0,250.0,0.1
2284.0,248.4,0.1
8375.0,250.0,0.1
1995.0,253.2,0.1
3199.0,249.8,0.1
3273.0,249.9,0.1
5000.0,250.0,0.1
8037.0,250.2,0.1
7420.0,249.4,0.1
1326.0,206.5,0.1
2084.0,252.2,0.1
3415.0,249.8,0.1
783.0,162.1,0.1
376.0,129.1,0.1
3402.0,249.8,0.1
2498.0,245.4,0.1
2196.0,250.3,0.1
6738.0,250.1,0.1
4537.0,249.9,0.1
7111.0,249.6,0.1
1003.0,179.2,0.1
8908.0,250.4,0.1
3802.0,249.9,0.1
52.0,115.2,0.1
4638.0,250.0,0.1
3304.0,250.0,0.1
587.0,148.1,0.1
850.0,167.7,0.1
9109.0,250.0,0.1
1011.0,179.8,0.1
6496.0,249.8,0.1
3331.0,249.9,0.1
5191.0,249.7,0.1
2044.0,252.6,0.1
262.0,122.0,0.1
9165.0,249.9,0.1
4871.0,250.0,0.1
3727.0,250.2,0.1
2547.0,245.3,0.1
6612.0,250.0,0.1
446.0,136.1,0.1
8445.0,250.3,0.1
6801.0,250.1,0.1
6875.0,250.1,0.1
3996.0,249.8,0.1
2568.0,245.1,0.1
6604.0,250.0,0.1
8715.0,250.2,0.1
8151.0,250.3,0.1
1905.0,253.7,0.1
1166.0,191.9,0.1
757.0,160.1,0.1
85.0,115.3,0.1
863.0,168.6,0.1
4055.0,249.9,0.1
4291.0,250.0,0.1
7335.0,249.9,0.1
3731.0,250.2,0.1
3680.0,250.4,0.1
9065.0,249.9,0.1
9048.0,249.7,0.1
8412.0,250.5,0.1
7076.0,249.8,0.1
7579.0,250.2,0.1
5039.0,250.1,0.1
6996.0,249.5,0.1
4376.0,250.0,0.1
3324.0,250.0,0.1
1682.0,247.1,0.1
8403.0,250.3,0.1
8773.0,250.1,0.1
7445.0,249.6,0.1
8513.0,250.2,0.1
7277.0,250.1,0.1
7543.0,250.0,0.1
7996.0,249.8,0.1
6586.0,249.8,0.1
1986.0,253.4,0.1
7818.0,249.3,0.1
3934.0,249.9,0.1
2819.0,247.8,0.1
1680.0,246.9,0.1
719.0,157.0,0.1
7351.0,249.8,0.1
1716.0,249.6,0.1
3918.0,250.1,0.1
8487.0,250.3,0.1
7748.0,249.9,0.1
4616.0,249.9,0.1
1571.0,233.4,0.1
3161.0,249.7,0.1
392.0,130.3,0.1
5245.0,249.7,0.1
1100.0,187.0,0.1
1994.0,253.2,0.1
5596.0,250.0,0.1
6655.0,250.0,0.1
2521.0,245.3,0.1
5736.0,249.8,0.1
6623.0,250.0,0.1
6378.0,249.9,0.1
8290.0,250.5,0.1
8578.0,249.8,0.1
7039.0,249.6,0.1
988.0,177.9,0.1
7613.0,250.0,0.1
5032.0,250.0,0.1
6862.0,250.1,0.1
8274.0,250.4,0.1
302.0,124.2,0.1
5108.0,249.8,0.1
4938.0,250.0,0.1
2218.0,250.0,0.1
3.0,114.9,0.1
5837.0,249.9,0.1
643.0,151.9,0.1
956.0,175.4,0.1
6162.0,250.2,0.1
8734.0,250.2,0.1
4749.0,250.1,0.1
1565.0,232.9,0.1
7599.0,250.1,0.1
5916.0,250.1,0.1
5046.0,250.0,0.1
1063.0,184.0,0.1
6030.0,250.1,0.1
968.0,176.5,0.1
3126.0,249.4,0.1
3432.0,249.9,0.1
8758.0,250.3,0.1
1861.0,253.9,0.1
6091.0,250.1,0.1
665.0,153.4,0.1
974.0,176.8,0.1
8913.0,250.4,0.1
8546.0,249.9,0.1
425.0,133.2,0.1
1360.0,209.5,0.1
484.0,139.8,0.1
4492.0,250.0,0.1
8462.0,250.3,0.1
2131.0,250.8,0.1
1117.0,188.3,0.1
5795.0,249.9,0.1
6681.0,250.0,0.1
4633.0,250.0,0.1
8553.0,249.8,0.1
5086.0,249.8,0.1
8463.0,250.3,0.1
8587.0,249.9,0.1
1271.0,200.8,0.1
2978.0,248.8,0.1
3165.0,249.7,0.1
9124.0,249.8,0.1
2373.0,247.0,0.1
4663.0,250.0,0.1
6406.0,249.9,0.1
6029.0,250.1,0.1
1358.0,209.3,0.1
5914.0,250.1,0.1
1938.0,253.6,0.1
8778.0,250.2,0.1
1735.0,250.6,0.1
6781.0,250.1,0.1
5260.0,249.8,0.1
422.0,132.8,0.1
1714.0,249.4,0.1
7456.0,249.7,0.1
6386.0,250.0,0.1
7892.0,250.0,0.1
3546.0,249.7,0.1
2791.0,247.6,0.1
8264.0,250.4,0.1
7404.0,249.5,0.1
1110.0,187.8,0.1
6991.0,249.6,0.1
810.0,164.3,0.1
6373.0,249.9,0.1
1734.0,250.6,0.1
2820.0,247.8,0.1
5205.0,249.7,0.1
3158.0,249.7,0.1
1959.0,253.5,0.1
6407.0,250.0,0.1
8394.0,250.1,0.1
4042.0,249.8,0.1
819.0,165.1,0.1
6346.0,249.9,0.1
2038.0,252.8,0.1
2279.0,248.5,0.1
7135.0,249.6,0.1
4939.0,250.0,0.1
5958.0,250.2,0.1
4104.0,249.6,0.1
3491.0,249.8,0.1
2775.0,247.4,0.1
8172.0,250.6,0.1
7050.0,249.8,0.1
6946.0,250.0,0.1
2192.0,250.4,0.1
8557.0,249.8,0.1
4987.0,250.1,0.1
3905.0,249.9,0.1
110.0,115.7,0.1
8844.0,249.9,0.1
3995.0,249.8,0.1
6284.0,249.7,0.1
8041.0,250.1,0.1
3833.0,249.9,0.1
9097.0,249.9,0.1
6868.0,250.1,0.1
6549.0,249.9,0.1
5505.0,249.8,0.1
7531.0,249.8,0.1
7553.0,250.0,0.1
3136.0,249.5,0.1
5029.0,250.1,0.1
3641.0,250.2,0.1
1338.0,207.6,0.1
656.0,152.7,0.1
1275.0,201.2,0.1
4444.0,249.9,0.1
3829.0,249.9,0.1
5820.0,250.0,0.1
1540.0,229.5,0.1
7362.0,249.7,0.1
1299.0,203.7,0.1
4714.0,250.0,0.1
6860.0,250.1,0.1
1599.0,237.2,0.1
5421.0,250.0,0.1
6663.0,250.0,0.1
2014.0,253.0,0.1
7206.0,249.6,0.1
69.0,115.3,0.1
1244.0,198.3,0.1
6601.0,250.0,0.1
1719.0,249.8,0.1
5888.0,250.1,0.1
7313.0,250.0,0.1
9066.0,249.9,0.1
2866.0,248.2,0.1
1498.0,224.6,0.1
2020.0,253.0,0.1
4514.0,250.0,0.1
3020.0,249.0,0.1
8203.0,250.5,0.1
5945.0,250.1,0.1
1609.0,238.5,0.1
6234.0,249.8,0.1
2403.0,246.4,0.1
114.0,115.8,0.1
7116.0,249.6,0.1
1443.0,218.6,0.1
7255.0,250.0,0.1
1515.0,226.5,0.1
799.0,163.3,0.1
2662.0,246.1,0.1
1133.0,189.3,0.1
3586.0,250.0,0.1
6579.0,249.9,0.1
2039.0,252.8,0.1
2761.0,247.2,0.1
7315.0,250.0,0.1
2249.0,249.2,0.1
3836.0,249.9,0.1
3200.0,249.8,0.1
8306.0,250.2,0.1
11.0,114.9,0.1
3597.0,250.0,0.1
4447.0,249.9,0.1
7725.0,250.0,0.1
8541.0,250.3,0.1
760.0,160.3,0.1
3056.0,249.0,0.1
2447.0,245.7,0.1
6800.0,250.0,0.1
7170.0,249.6,0.1
667.0,153.6,0.1
6897.0,250.2,0.1
5788.0,249.9,0.1
7074.0,249.8,0.1
8279.0,250.4,0.1
1094.0,186.4,0.1
8223.0,250.8,0.1
389.0,130.1,0.1
3896.0,249.9,0.1
1273.0,201.0,0.1
648.0,152.2,0.1
4558.0,249.9,0.1
1305.0,204.5,0.1
7480.0,249.7,0.1
6338.0,250.0,0.1
6345.0,249.9,0.1
6028.0,250.1,0.1
6925.0,250.2,0.1
4495.0,250.0,0.1
5485.0,249.8,0.1
3327.0,250.0,0.1
3259.0,249.7,0.1
738.0,158.7,0.1
2125.0,251.0,0.1
1386.0,212.2,0.1
8635.0,250.4,0.1
4057.0,249.9,0.1
4571.0,249.9,0.1
8392.0,250.1,0.1
5876.0,250.0,0.1
415.0,132.2,0.1
1455.0,219.9,0.1
4139.0,249.6,0.1
8602.0,250.3,0.1
3507.0,249.9,0.1
1155.0,190.9,0.1
1831.0,253.5,0.1
1852.0,253.7,0.1
8982.0,250.1,0.1
8568.0,249.8,0.1
6470.0,249.9,0.1
7004.0,249.5,0.1
8050.0,250.1,0.1
7062.0,249.8,0.1
1341.0,207.8,0.1
6791.0,250.0,0.1
412.0,132.0,0.1
8340.0,250.2,0.1
7464.0,249.8,0.1
3410.0,249.8,0.1
4567.0,249.9,0.1
2551.0,245.3,0.1
5249.0,249.7,0.1
4063.0,249.8,0.1
5374.0,250.0,0.1
1858.0,253.9,0.1
3091.0,249.3,0.1
7455.0,249.7,0.1
5005.0,250.0,0.1
7876.0,249.9,0.1
3879.0,249.9,0.1
6214.0,249.9,0.1
2531.0,245.4,0.1
3035.0,249.0,0.1
6065.0,250.1,0.1
3145.0,249.5,0.1
8558.0,249.8,0.1
3434.0,249.9,0.1
4202.0,249.9,0.1
1074.0,184.9,0.1
6248.0,249.7,0.1
1795.0,252.7,0.1
423.0,133.0,0.1
4666.0,250.1,0.1
6943.0,250.0,0.1
8787.0,250.1,0.1
5583.0,249.9,0.1
5571.0,249.9,0.1
1804.0,252.9,0.1
4623.0,250.0,0.1
7535.0,249.8,0.1
2382.0,246.8,0.1
2975.0,248.8,0.1
860.0,168.3,0.1
6297.0,249.9,0.1
2144.0,250.8,0.1
1239.0,197.8,0.1
938.0,174.0,0.1
2688.0,246.3,0.1
6046.0,250.1,0.1
5777.0,250.0,0.1
8576.0,249.8,0.1
1868.0,253.9,0.1
4802.0,250.1,0.1
7361.0,249.8,0.1
8227.0,250.8,0.1
3097.0,249.3,0.1
4876.0,250.1,0.1
3751.0,250.2,0.1
8779.0,250.2,0.1
3668.0,250.4,0.1
1826.0,253.4,0.1
8302.0,250.3,0.1
2411.0,246.2,0.1
7041.0,249.6,0.1
6.0,114.9,0.1
4634.0,250.0,0.1
6568.0,249.9,0.1
4404.0,250.0,0.1
3976.0,249.7,0.1
3404.0,249.8,0.1
2160.0,250.7,0.1
2579.0,245.1,0.1
6778.0,250.1,0.1
8287.0,250.5,0.1
946.0,174.7,0.1
3061.0,249.0,0.1
3840.0,249.9,0.1
5987.0,250.2,0.1
436.0,134.8,0.1
5925.0,250.1,0.1
5247.0,249.7,0.1
1709.0,249.2,0.1
5070.0,249.8,0.1
9017.0,249.9,0.1
7917.0,249.8,0.1
8688.0,250.3,0.1
3156.0,249.6,0.1
7752.0,249.9,0.1
6427.0,249.9,0.1
2123.0,251.0,0.1
498.0,140.9,0.1
4812.0,250.0,0.1
7237.0,249.9,0.1
8662.0,250.3,0.1
3642.0,250.2,0.1
7405.0,249.5,0.1
9024.0,249.8,0.1
1485.0,223.3,0.1
3506.0,249.9,0.1
769.0,161.0,0.1
2100.0,251.5,0.1
4168.0,249.8,0.1
7481.0,249.7,0.1
8615.0,250.4,0.1
2525.0,245.3,0.1
2741.0,247.1,0.1
493.0,140.5,0.1
6369.0,250.0,0.1
813.0,164.6,0.1
1984.0,253.4,0.1
5498.0,249.8,0.1
6815.0,250.1,0.1
193.0,118.6,0.1
9201.0,249.9,0.1
778.0,161.7,0.1
4949.0,250.1,0.1
4247.0,249.9,0.1
7371.0,249.6,0.1
6066.0,250.1,0.1
6981.0,249.6,0.1
3028.0,249.1,0.1
336.0,126.3,0.1
4956.0,250.1,0.1
4174.0,249.8,0.1
3859.0,249.9,0.1
6705.0,250.0,0.1
2760.0,247.2,0.1
7662.0,250.0,0.1
7295.0,250.0,0.1
3223.0,249.9,0.1
4108.0,249.6,0.1
7738.0,250.0,0.1
7211.0,249.6,0.1
2326.0,248.0,0.1
6661.0,250.0,0.1
5057.0,249.9,0.1
3363.0,249.8,0.1
7352.0,249.9,0.1
6206.0,250.0,0.1
2460.0,245.6,0.1
2686.0,246.3,0.1
9009.0,249.9,0.1
556.0,146.0,0.1
8609.0,250.4,0.1
4639.0,250.0,0.1
2053.0,252.1,0.1
5659.0,249.9,0.1
3180.0,249.7,0.1
2219.0,250.0,0.1
922.0,173.0,0.1
4097.0,249.8,0.1
1450.0,219.4,0.1
6250.0,249.7,0.1
2739.0,247.0,0.1
2449.0,245.7,0.1
7410.0,249.5,0.1
8683.0,250.4,0.1
4379.0,250.0,0.1
5549.0,249.9,0.1
2694.0,246.4,0.1
7886.0,250.0,0.1
3725.0,250.2,0.1
6273.0,249.8,0.1
8002.0,249.7,0.1
975.0,176.9,0.1
5743.0,249.8,0.1
4269.0,250.0,0.1
7805.0,249.3,0.1
7547.0,250.0,0.1
7859.0,249.5,0.1
8835.0,249.9,0.1
1977.0,253.4,0.1
8253.0,250.6,0.1
5223.0,249.7,0.1
3631.0,250.2,0.1
5184.0,249.7,0.1
2113.0,251.2,0.1
7025.0,249.6,0.1
1686.0,247.4,0.1
6390.0,249.9,0.1
1789.0,252.6,0.1
6843.0,250.2,0.1
5420.0,250.0,0.1
7491.0,249.9,0.1
570.0,146.9,0.1
2266.0,248.6,0.1
8171.0,250.6,0.1
4047.0,249.8,0.1
3102.0,249.3,0.1
6447.0,249.8,0.1
2635.0,245.7,0.1
1093.0,186.3,0.1
4896.0,250.0,0.1
694.0,155.4,0.1
5617.0,250.0,0.1
6415.0,249.9,0.1
812.0,164.5,0.1
7026.0,249.6,0.1
3117.0,249.2,0.1
2388.0,246.7,0.1
1486.0,223.4,0.1
4930.0,250.0,0.1
979.0,177.1,0.1
3831.0,249.9,0.1
6005.0,250.2,0.1
1499.0,224.7,0.1
1151.0,190.7,0.1
7468.0,249.8,0.1
8519.0,250.1,0.1
7433.0,249.4,0.1
7520.0,250.0,0.1
574.0,147.2,0.1
5310.0,249.9,0.1
4827.0,250.0,0.1
6123.0,250.1,0.1
3427.0,249.9,0.1
7280.0,250.1,0.1
3271.0,249.9,0.1
5971.0,250.0,0.1
57.0,115.3,0.1
3341.0,249.8,0.1
7330.0,249.9,0.1
2497.0,245.4,0.1
8355.0,250.2,0.1
8525.0,250.2,0.1
8657.0,250.4,0.1
4024.0,249.8,0.1
5977.0,250.1,0.1
5723.0,249.8,0.1
2976.0,248.8,0.1
6650.0,250.0,0.1
6334.0,250.0,0.1
7536.0,249.8,0.1
7479.0,249.7,0.1
8824.0,250.0,0.1
3467.0,249.8,0.1
4821.0,250.0,0.1
5636.0,250.1,0.1
2450.0,245.7,0.1
4605.0,250.0,0.1
8146.0,250.4,0.1
9133.0,249.9,0.1
5585.0,249.9,0.1
7033.0,249.6,0.1
7894.0,250.0,0.1
7548.0,249.9,0.1
3463.0,249.9,0.1
4678.0,250.1,0.1
1777.0,252.3,0.1
4240.0,249.9,0.1
6037.0,250.1,0.1
1000.0,179.0,0.1
3514.0,249.8,0.1
6546.0,249.8,0.1
3998.0,249.8,0.1
4076.0,249.8,0.1
7627.0,250.0,0.1
2103.0,251.4,0.1
2883.0,248.3,0.1
559.0,146.1,0.1
428.0,133.7,0.1
6052.0,250.1,0.1
6473.0,249.9,0.1
845.0,167.3,0.1
7342.0,249.7,0.1
1041.0,182.2,0.1
8939.0,250.3,0.1
5300.0,249.9,0.1
3994.0,249.8,0.1
832.0,166.2,0.1
705.0,156.2,0.1
8948.0,250.1,0.1
8440.0,250.4,0.1
8163.0,250.3,0.1
8803.0,250.1,0.1
5403.0,250.0,0.1
695.0,155.5,0.1
661.0,153.2,0.1
5316.0,249.8,0.1
6505.0,249.8,0.1
689.0,155.0,0.1
4317.0,250.0,0.1
7767.0,249.9,0.1
7633.0,249.9,0.1
2367.0,247.1,0.1
8094.0,250.6,0.1
2488.0,245.5,0.1
6786.0,250.1,0.1
6635.0,250.1,0.1
7157.0,249.7,0.1
1203.0,194.9,0.1
3465.0,249.8,0.1
5872.0,250.1,0.1
1797.0,252.8,0.1
237.0,120.8,0.1
7337.0,249.9,0.1
1404.0,214.3,0.1
1128.0,188.9,0.1
6827.0,250.0,0.1
8528.0,250.3,0.1
1551.0,231.1,0.1
1947.0,253.5,0.1
3067.0,249.0,0.1
1866.0,253.8,0.1
2360.0,247.3,0.1
7540.0,249.9,0.1
213.0,119.4,0.1
6440.0,249.7,0.1
7010.0,249.6,0.1
6274.0,249.8,0.1
750.0,159.4,0.1
8810.0,250.1,0.1
6602.0,250.0,0.1
5369.0,250.0,0.1
2680.0,246.2,0.1
2704.0,246.5,0.1
8147.0,250.4,0.1
1420.0,215.8,0.1
2929.0,248.7,0.1
2988.0,248.7,0.1
3352.0,250.0,0.1
2905.0,248.5,0.1
2191.0,250.4,0.1
6747.0,250.1,0.1
2561.0,245.3,0.1
8767.0,250.1,0.1
1563.0,232.7,0.1
999.0,178.9,0.1
1848.0,253.7,0.1
2753.0,247.1,0.1
3426.0,249.9,0.1
562.0,146.3,0.1
3196.0,249.7,0.1
3047.0,249.0,0.1
4336.0,250.0,0.1
2069.0,251.9,0.1
7794.0,249.3,0.1
8437.0,250.4,0.1
5052.0,249.9,0.1
8397.0,250.2,0.1
3853.0,249.9,0.1
4676.0,250.1,0.1
8919.0,250.4,0.1
4648.0,250.0,0.1
1329.0,206.8,0.1
5262.0,249.8,0.1
5737.0,249.8,0.1
8485.0,250.3,0.1
2661.0,246.1,0.1
6836.0,250.0,0.1
179.0,118.0,0.1
4508.0,250.0,0.1
3971.0,249.8,0.1
7512.0,250.0,0.1
264.0,122.1,0.1
2632.0,245.7,0.1
46.0,115.2,0.1
2590.0,245.4,0.1
2090.0,251.9,0.1
400.0,131.0,0.1
7460.0,249.7,0.1
479.0,139.4,0.1
8819.0,250.1,0.1
4575.0,249.9,0.1
6528.0,249.7,0.1
8974.0,250.2,0.1
2506.0,245.4,0.1
1337.0,207.4,0.1
4769.0,250.1,0.1
2412.0,246.2,0.1
3763.0,250.1,0.1
8589.0,250.0,0.1
7941.0,249.7,0.1
2832.0,247.8,0.1
5170.0,249.8,0.1
227.0,120.2,0.1
2439.0,245.8,0.1
8695.0,250.1,0.1
3060.0,249.0,0.1
8213.0,250.6,0.1
1549.0,230.8,0.1
6051.0,250.1,0.1
4425.0,250.1,0.1
6867.0,250.1,0.1
2838.0,247.9,0.1
1589.0,235.9,0.1
7862.0,249.6,0.1
9101.0,249.9,0.1
9084.0,250.0,0.1
5815.0,249.9,0.1
1838.0,253.7,0.1
5063.0,249.9,0.1
1283.0,202.0,0.1
9196.0,249.9,0.1
3509.0,249.8,0.1
2584.0,245.3,0.1
1917.0,253.7,0.1
1001.0,179.1,0.1
7641.0,250.0,0.1
8579.0,249.8,0.1
5175.0,249.8,0.1
6499.0,249.8,0.1
7940.0,249.6,0.1
1340.0,207.7,0.1
6754.0,250.0,0.1
9131.0,249.9,0.1
9154.0,250.0,0.1
9034.0,249.8,0.1
5680.0,249.9,0.1
7969.0,250.2,0.1
2333.0,247.9,0.1
2156.0,250.8,0.1
5298.0,249.9,0.1
236.0,120.7,0.1
6090.0,250.1,0.1
6562.0,249.9,0.1
3190.0,249.7,0.1
2400.0,246.4,0.1
3838.0,249.9,0.1
8233.0,250.7,0.1
542.0,144.6,0.1
6710.0,250.0,0.1
432.0,134.2,0.1
851.0,167.7,0.1
2315.0,248.3,0.1
3850.0,249.9,0.1
8006.0,249.8,0.1
7357.0,249.9,0.1
2687.0,246.3,0.1
7269.0,250.1,0.1
2869.0,248.2,0.1
2706.0,246.5,0.1
8431.0,250.5,0.1
441.0,135.5,0.1
8849.0,250.0,0.1
4592.0,249.9,0.1
2213.0,250.1,0.1
7257.0,250.0,0.1
1026.0,180.9,0.1
6933.0,250.1,0.1
7300.0,250.0,0.1
2581.0,245.2,0.1
8901.0,250.3,0.1
256.0,121.7,0.1
4832.0,250.1,0.1
7287.0,250.0,0.1
821.0,165.3,0.1
1481.0,222.9,0.1
3936.0,249.9,0.1
6465.0,249.8,0.1
5384.0,249.9,0.1
5323.0,249.9,0.1
8580.0,249.8,0.1
1637.0,242.2,0.1
5482.0,249.8,0.1
4975.0,250.0,0.1
7726.0,250.0,0.1
1960.0,253.5,0.1
3495.0,249.8,0.1
8921.0,250.4,0.1
4261.0,250.0,0.1
1178.0,192.9,0.1
9047.0,249.7,0.1
7422.0,249.4,0.1
489.0,140.2,0.1
7267.0,250.1,0.1
1562.0,232.6,0.1
8484.0,250.3,0.1
3939.0,249.9,0.1
1279.0,201.6,0.1
5866.0,249.9,0.1
4783.0,250.1,0.1
2814.0,247.6,0.1
3837.0,249.9,0.1
467.0,138.1,0.1
6804.0,250.1,0.1
6537.0,249.7,0.1
5231.0,249.7,0.1
2774.0,247.4,0.1
6811.0,250.1,0.1
1750.0,251.5,0.1
7104.0,249.8,0.1
5137.0,249.7,0.1
2959.0,248.7,0.1
6916.0,250.3,0.1
5233.0,249.7,0.1
3713.0,250.2,0.1
1206.0,195.0,0.1
6911.0,250.3,0.1
3437.0,249.9,0.1
5918.0,250.1,0.1
4951.0,250.1,0.1
7782.0,249.7,0.1
2592.0,245.3,0.1
98.0,115.5,0.1
1920.0,253.7,0.1
6611.0,250.0,0.1
8743.0,250.3,0.1
4807.0,250.1,0.1
8038.0,250.2,0.1
6025.0,250.0,0.1
1274.0,201.1,0.1
184.0,118.2,0.1
7262.0,250.1,0.1
901.0,171.5,0.1
5214.0,249.8,0.1
5340.0,249.9,0.1
3736.0,250.2,0.1
5550.0,249.9,0.1
4155.0,249.7,0.1
1312.0,205.1,0.1
2256.0,248.9,0.1
6412.0,249.9,0.1
3283.0,249.9,0.1
3706.0,250.3,0.1
2543.0,245.3,0.1
7961.0,250.0,0.1
307.0,124.6,0.1
2503.0,245.4,0.1
7259.0,250.0,0.1
22.0,115.0,0.1
985.0,177.6,0.1
6944.0,250.0,0.1
1294.0,203.2,0.1
4390.0,250.0,0.1
2254.0,249.0,0.1
2609.0,245.6,0.1
5846.0,249.9,0.1
4228.0,249.8,0.1
8675.0,250.2,0.1
3181.0,249.7,0.1
1387.0,212.3,0.1
6998.0,249.5,0.1
505.0,141.4,0.1
555.0,145.9,0.1
9189.0,249.9,0.1
6992.0,249.6,0.1
6308.0,249.8,0.1
4898.0,250.0,0.1
194.0,118.6,0.1
7200.0,249.6,0.1
1392.0,212.9,0.1
5167.0,249.8,0.1
7444.0,249.6,0.1
2994.0,248.9,0.1
2223.0,250.0,0.1
7383.0,249.7,0.1
1351.0,208.6,0.1
5664.0,249.9,0.1
1587.0,235.6,0.1
4172.0,249.8,0.1
1096.0,186.6,0.1
4775.0,250.1,0.1
5237.0,249.7,0.1
7904.0,250.1,0.1
3820.0,249.9,0.1
2308.0,248.3,0.1
6777.0,250.1,0.1
253.0,121.6,0.1
915.0,172.3,0.1
5574.0,249.9,0.1
1860.0,253.9,0.1
8460.0,250.3,0.1
7529.0,249.8,0.1
6773.0,250.0,0.1
1240.0,197.9,0.1
4027.0,249.8,0.1
5997.0,250.1,0.1
21.0,115.0,0.1
9136.0,250.0,0.1
849.0,167.6,0.1
8208.0,250.6,0.1
7806.0,249.3,0.1
6498.0,249.8,0.1
3801.0,249.9,0.1
7823.0,249.3,0.1
5101.0,249.8,0.1
1504.0,225.3,0.1
7690.0,250.0,0.1
1070.0,184.7,0.1
1931.0,253.6,0.1
8005.0,249.8,0.1
2722.0,246.8,0.1
696.0,155.5,0.1
7604.0,250.1,0.1
4642.0,250.0,0.1
4403.0,250.0,0.1
2545.0,245.3,0.1
1510.0,226.0,0.1
7811.0,249.3,0.1
904.0,171.8,0.1
6379.0,250.0,0.1
2848.0,247.9,0.1
1243.0,198.2,0.1
1355.0,209.0,0.1
2146.0,250.8,0.1
277.0,122.9,0.1
5469.0,249.7,0.1
7787.0,249.6,0.1
1939.0,253.6,0.1
8307.0,250.2,0.1
8194.0,250.4,0.1
1885.0,253.9,0.1
4817.0,250.0,0.1
4928.0,250.0,0.1
8299.0,250.4,0.1
5164.0,249.8,0.1
5828.0,250.0,0.1
527.0,143.4,0.1
2710.0,246.7,0.1
5887.0,250.1,0.1
3021.0,249.1,0.1
8827.0,250.0,0.1
1141.0,190.0,0.1
187.0,118.4,0.1
8258.0,250.6,0.1
5547.0,249.9,0.1
9198.0,249.9,0.1
4787.0,250.1,0.1
1666.0,245.5,0.1
9086.0,250.0,0.1
5501.0,249.8,0.1
6831.0,250.0,0.1
3513.0,249.8,0.1
3891.0,249.9,0.1
680.0,154.2,0.1
8853.0,250.0,0.1
8249.0,250.6,0.1
8022.0,250.0,0.1
4991.0,250.0,0.1
123.0,115.9,0.1
6942.0,250.0,0.1
5060.0,249.9,0.1
2668.0,246.2,0.1
7833.0,249.4,0.1
58.0,115.3,0.1
5499.0,249.8,0.1
4856.0,250.0,0.1
1935.0,253.6,0.1
2269.0,248.5,0.1
1519.0,227.0,0.1
7375.0,249.6,0.1
3633.0,250.2,0.1
8972.0,250.2,0.1
7542.0,250.0,0.1
5511.0,249.9,0.1
6309.0,249.8,0.1
4885.0,250.0,0.1
6968.0,249.7,0.1
3175.0,249.7,0.1
8481.0,250.3,0.1
1921.0,253.7,0.1
9216.0,250.0,0.1
5112.0,249.8,0.1
4459.0,249.9,0.1
3038.0,249.0,0.1
2764.0,247.3,0.1
8464.0,250.3,0.1
5792.0,249.9,0.1
5217.0,249.8,0.1
8981.0,250.2,0.1
2558.0,245.3,0.1
7750.0,249.9,0.1
8927.0,250.4,0.1
7593.0,250.2,0.1
5544.0,249.9,0.1
1389.0,212.5,0.1
4890.0,250.0,0.1
7907.0,250.0,0.1
7236.0,249.9,0.1
4012.0,249.8,0.1
235.0,120.7,0.1
2159.0,250.7,0.1
3210.0,249.8,0.1
923.0,173.0,0.1
2660.0,246.0,0.1
874.0,169.5,0.1
8164.0,250.3,0.1
855.0,168.0,0.1
2310.0,248.3,0.1
6614.0,250.0,0.1
8364.0,250.1,0.1
5397.0,250.0,0.1
2158.0,250.7,0.1
7294.0,250.0,0.1
4726.0,250.1,0.1
8426.0,250.5,0.1
8689.0,250.3,0.1
838.0,166.6,0.1
6159.0,250.2,0.1
1468.0,221.4,0.1
4420.0,250.1,0.1
3926.0,250.0,0.1
5413.0,249.9,0.1
8444.0,250.3,0.1
1854.0,253.7,0.1
5266.0,249.8,0.1
3233.0,249.8,0.1
8956.0,250.1,0.1
2864.0,248.2,0.1
4771.0,250.1,0.1
5868.0,250.0,0.1
5986.0,250.2,0.1
4410.0,250.1,0.1
8378.0,250.0,0.1
8663.0,250.3,0.1
2751.0,247.1,0.1
3858.0,249.9,0.1
1182.0,193.2,0.1
1628.0,241.1,0.1
4941.0,250.0,0.1
2056.0,251.9,0.1
2257.0,248.9,0.1
4071.0,249.8,0.1
2769.0,247.4,0.1
3105.0,249.2,0.1
7600.0,250.1,0.1
8505.0,250.3,0.1
1451.0,219.4,0.1
3746.0,250.2,0.1
4606.0,250.0,0.1
7779.0,249.7,0.1
5382.0,249.9,0.1
6732.0,250.1,0.1
7962.0,250.0,0.1
1573.0,233.6,0.1
4030.0,249.8,0.1
7171.0,249.6,0.1
4149.0,249.6,0.1
862.0,168.6,0.1
1839.0,253.7,0.1
7648.0,250.0,0.1
4722.0,250.1,0.1
3978.0,249.7,0.1
7848.0,249.5,0.1
2206.0,250.2,0.1
4449.0,249.9,0.1
3885.0,249.9,0.1
342.0,126.7,0.1
8828.0,250.0,0.1
8408.0,250.4,0.1
8878.0,250.4,0.1
204.0,119.1,0.1
4655.0,250.0,0.1
7429.0,249.4,0.1
66.0,115.3,0.1
6430.0,249.8,0.1
2263.0,248.7,0.1
94.0,115.4,0.1
8508.0,250.2,0.1
2566.0,245.2,0.1
8387.0,250.1,0.1
2611.0,245.7,0.1
6353.0,250.0,0.1
7642.0,250.0,0.1
6494.0,249.8,0.1
6103.0,250.1,0.1
1690.0,247.9,0.1
4547.0,249.9,0.1
6244.0,249.7,0.1
4264.0,250.0,0.1
4572.0,249.9,0.1
1950.0,253.5,0.1
4679.0,250.0,0.1
2618.0,245.7,0.1
473.0,138.8,0.1
4542.0,249.9,0.1
5267.0,249.8,0.1
8108.0,250.5,0.1
2702.0,246.5,0.1
3861.0,249.9,0.1
4984.0,250.1,0.1
6371.0,249.9,0.1
2912.0,248.5,0.1
6171.0,250.1,0.1
174.0,117.7,0.1
5109.0,249.8,0.1
4828.0,250.0,0.1
9152.0,250.0,0.1
3502.0,249.9,0.1
5064.0,249.9,0.1
8028.0,250.0,0.1
5735.0,249.8,0.1
3849.0,249.9,0.1
525.0,143.2,0.1
165.0,117.6,0.1
1160.0,191.3,0.1
2938.0,248.8,0.1
8863.0,250.2,0.1
5472.0,249.8,0.1
8336.0,250.2,0.1
4258.0,250.0,0.1
6049.0,250.1,0.1
1846.0,253.7,0.1
8937.0,250.4,0.1
352.0,127.4,0.1
7244.0,249.9,0.1
355.0,127.7,0.1
8731.0,250.2,0.1
7789.0,249.6,0.1
5619.0,250.0,0.1
481.0,139.6,0.1
5920.0,250.0,0.1
6059.0,250.1,0.1
2841.0,247.9,0.1
6260.0,249.8,0.1
3974.0,249.8,0.1
4986.0,250.1,0.1
4664.0,250.1,0.1
565.0,146.5,0.1
5196.0,249.7,0.1
7028.0,249.6,0.1
8237.0,250.7,0.1
1979.0,253.4,0.1
7927.0,249.4,0.1
1409.0,214.7,0.1
4118.0,249.7,0.1
7037.0,249.6,0.1
6134.0,250.1,0.1
5768.0,250.0,0.1
6621.0,250.0,0.1
54.0,115.3,0.1
8748.0,250.3,0.1
3112.0,249.2,0.1
399.0,131.0,0.1
6115.0,250.1,0.1
8968.0,250.1,0.1
2786.0,247.5,0.1
3864.0,249.9,0.1
1837.0,253.7,0.1
1105.0,187.4,0.1
311.0,124.8,0.1
3566.0,249.6,0.1
1491.0,223.9,0.1
4509.0,250.0,0.1
5616.0,250.0,0.1
4914.0,250.0,0.1
3472.0,249.8,0.1
9.0,114.9,0.1
2714.0,246.8,0.1
4338.0,250.0,0.1
4350.0,250.0,0.1
5125.0,249.7,0.1
1104.0,187.4,0.1
9222.0,250.0,0.1
9122.0,249.8,0.1
2339.0,247.7,0.1
6566.0,249.9,0.1
3606.0,250.1,0.1
9220.0,250.0,0.1
2180.0,250.8,0.1
942.0,174.4,0.1
1272.0,200.9,0.1
4797.0,250.1,0.1
3610.0,250.1,0.1
2831.0,247.8,0.1
8733.0,250.2,0.1
7306.0,250.0,0.1
3919.0,250.1,0.1
3920.0,250.1,0.1
6377.0,249.9,0.1
8649.0,250.3,0.1
4911.0,250.0,0.1
6799.0,250.0,0.1
5387.0,250.0,0.1
5540.0,249.9,0.1
7562.0,250.0,0.1
4378.0,250.0,0.1
1725.0,250.0,0.1
6927.0,250.1,0.1
6130.0,250.1,0.1
3851.0,249.9,0.1
2752.0,247.1,0.1
5297.0,249.9,0.1
8319.0,250.3,0.1
3121.0,249.3,0.1
1091.0,186.2,0.1
6763.0,250.1,0.1
2709.0,246.6,0.1
3157.0,249.6,0.1
2202.0,250.3,0.1
2972.0,248.8,0.1
8122.0,250.4,0.1
4367.0,250.1,0.1
5146.0,249.7,0.1
4198.0,249.8,0.1
1368.0,210.3,0.1
6318.0,249.8,0.1
5058.0,249.9,0.1
5802.0,249.9,0.1
8832.0,249.9,0.1
4194.0,249.8,0.1
5056.0,249.9,0.1
636.0,151.4,0.1
4129.0,249.6,0.1
697.0,155.6,0.1
3494.0,249.8,0.1
9070.0,249.9,0.1
3570.0,249.7,0.1
7044.0,249.7,0.1
3504.0,249.9,0.1
4294.0,250.0,0.1
1576.0,234.0,0.1
634.0,151.3,0.1
709.0,156.3,0.1
6676.0,250.1,0.1
6905.0,250.3,0.1
4591.0,249.9,0.1
3866.0,249.9,0.1
2784.0,247.5,0.1
6907.0,250.3,0.1
4784.0,250.1,0.1
2081.0,252.2,0.1
8411.0,250.5,0.1
5210.0,249.8,0.1
1168.0,192.0,0.1
276.0,122.8,0.1
6237.0,249.8,0.1
5155.0,249.8,0.1
5488.0,249.8,0.1
8491.0,250.2,0.1
8854.0,250.1,0.1
8993.0,249.9,0.1
6816.0,250.1,0.1
2293.0,248.6,0.1
6504.0,249.8,0.1
3234.0,249.8,0.1
885.0,170.2,0.1
240.0,121.0,0.1
4219.0,249.8,0.1
430.0,133.9,0.1
8963.0,250.1,0.1
6488.0,249.8,0.1
6853.0,250.2,0.1
2638.0,245.8,0.1
5219.0,249.8,0.1
2671.0,246.2,0.1
7545.0,250.0,0.1
3769.0,250.1,0.1
867.0,168.9,0.1
3662.0,250.4,0.1
2427.0,246.0,0.1
5425.0,250.0,0.1
7854.0,249.5,0.1
6396.0,249.9,0.1
6472.0,249.9,0.1
4831.0,250.1,0.1
2620.0,245.7,0.1
382.0,129.5,0.1
2540.0,245.3,0.1
1555.0,231.8,0.1
8226.0,250.8,0.1
8420.0,250.5,0.1
3764.0,250.1,0.1
4765.0,250.1,0.1
3204.0,249.8,0.1
7700.0,250.2,0.1
9021.0,249.9,0.1
6238.0,249.8,0.1
6679.0,250.1,0.1
2771.0,247.4,0.1
3481.0,249.9,0.1
1630.0,241.3,0.1
4888.0,250.0,0.1
6902.0,250.3,0.1
9094.0,249.9,0.1
4960.0,250.1,0.1
6748.0,250.1,0.1
608.0,149.2,0.1
1231.0,197.0,0.1
808.0,164.1,0.1
1043.0,182.3,0.1
7498.0,249.9,0.1
71.0,115.3,0.1
3183.0,249.7,0.1
1025.0,180.8,0.1
8476.0,250.3,0.1
4620.0,250.0,0.1
7557.0,250.0,0.1
3039.0,249.0,0.1
3958.0,249.8,0.1
2669.0,246.2,0.1
7686.0,250.0,0.1
5443.0,249.9,0.1
6510.0,249.9,0.1
6734.0,250.1,0.1
1663.0,245.2,0.1
6311.0,249.8,0.1
4402.0,250.0,0.1
9207.0,249.9,0.1
2353.0,247.3,0.1
3792.0,250.1,0.1
3073.0,249.1,0.1
255.0,121.7,0.1
7844.0,249.5,0.1
4778.0,250.1,0.1
4277.0,250.0,0.1
4138.0,249.6,0.1
1689.0,247.8,0.1
5521.0,249.9,0.1
2515.0,245.4,0.1
7615.0,250.0,0.1
444.0,135.8,0.1
7311.0,250.0,0.1
6223.0,249.8,0.1
4026.0,249.8,0.1
6995.0,249.5,0.1
3670.0,250.4,0.1
8100.0,250.5,0.1
1857.0,253.8,0.1
6698.0,250.1,0.1
2867.0,248.2,0.1
8766.0,250.1,0.1
5826.0,250.0,0.1
5062.0,249.9,0.1
2175.0,250.8,0.1
7578.0,250.2,0.1
138.0,116.4,0.1
8324.0,250.3,0.1
1756.0,251.6,0.1
7577.0,250.2,0.1
5302.0,249.9,0.1
126.0,115.9,0.1
9007.0,249.9,0.1
5615.0,250.0,0.1
6073.0,250.1,0.1
3720.0,250.2,0.1
6994.0,249.6,0.1
7777.0,249.7,0.1
4994.0,250.0,0.1
784.0,162.2,0.1
8404.0,250.3,0.1
1588.0,235.8,0.1
3848.0,249.9,0.1
2529.0,245.4,0.1
4630.0,250.0,0.1
4844.0,250.0,0.1
4829.0,250.0,0.1
4675.0,250.1,0.1
6060.0,250.1,0.1
6375.0,249.9,0.1
3237.0,249.8,0.1
4340.0,250.0,0.1
8538.0,250.3,0.1
8791.0,250.1,0.1
201.0,119.0,0.1
147.0,116.7,0.1
5364.0,250.0,0.1
7902.0,250.1,0.1
3818.0,249.9,0.1
8907.0,250.4,0.1
1490.0,223.8,0.1
2064.0,251.9,0.1
297.0,123.8,0.1
3050.0,249.0,0.1
1820.0,253.4,0.1
1045.0,182.5,0.1
8909.0,250.4,0.1
1050.0,182.9,0.1
539.0,144.4,0.1
5561.0,249.9,0.1
1332.0,207.0,0.1
6727.0,250.0,0.1
6629.0,250.1,0.1
6881.0,250.0,0.1
2654.0,245.9,0.1
6395.0,249.9,0.1
2120.0,251.0,0.1
3681.0,250.4,0.1
1361.0,209.6,0.1
8923.0,250.4,0.1
7191.0,249.6,0.1
8638.0,250.3,0.1
7831.0,249.4,0.1
1763.0,251.9,0.1
1248.0,198.7,0.1
4178.0,249.7,0.1
3562.0,249.6,0.1
1032.0,181.5,0.1
5989.0,250.2,0.1
7514.0,250.0,0.1
3230.0,249.8,0.1
3635.0,250.2,0.1
3178.0,249.7,0.1
2682.0,246.2,0.1
4302.0,249.9,0.1
8736.0,250.2,0.1
534.0,144.0,0.1
2492.0,245.5,0.1
3603.0,250.0,0.1
137.0,116.4,0.1
7100.0,249.8,0.1
6707.0,250.0,0.1
6277.0,249.8,0.1
4119.0,249.7,0.1
4334.0,250.0,0.1
5551.0,249.9,0.1
4889.0,250.0,0.1
2548.0,245.3,0.1
6882.0,250.0,0.1
3655.0,250.4,0.1
2607.0,245.5,0.1
2770.0,247.4,0.1
848.0,167.5,0.1
7502.0,249.9,0.1
5862.0,249.9,0.1
7499.0,249.9,0.1
2351.0,247.4,0.1
4737.0,250.0,0.1
3288.0,249.8,0.1
4555.0,249.9,0.1
3538.0,249.8,0.1
4850.0,250.1,0.1
8162.0,250.3,0.1
159.0,117.3,0.1
4124.0,249.6,0.1
7822.0,249.3,0.1
7183.0,249.5,0.1
897.0,171.2,0.1
1675.0,246.3,0.1
4330.0,249.9,0.1
8049.0,250.1,0.1
9113.0,250.0,0.1
8730.0,250.2,0.1
1999.0,253.2,0.1
1632.0,241.6,0.1
1317.0,205.5,0.1
5198.0,249.7,0.1
5311.0,249.9,0.1
7807.0,249.3,0.1
5067.0,249.9,0.1
7040.0,249.6,0.1
5422.0,250.0,0.1
3051.0,249.0,0.1
8559.0,249.8,0.1
86.0,115.3,0.1
6109.0,250.1,0.1
2078.0,252.1,0.1
5352.0,249.9,0.1
8652.0,250.4,0.1
433.0,134.3,0.1
5290.0,249.8,0.1
650.0,152.4,0.1
6381.0,250.0,0.1
3607.0,250.1,0.1
1762.0,251.9,0.1
5202.0,249.7,0.1
6128.0,250.1,0.1
1354.0,208.9,0.1
5804.0,249.9,0.1
1940.0,253.6,0.1
560.0,146.2,0.1
4393.0,250.0,0.1
8483.0,250.3,0.1
8244.0,250.6,0.1
714.0,156.7,0.1
9041.0,249.8,0.1
3745.0,250.2,0.1
112.0,115.8,0.1
9067.0,249.9,0.1
2049.0,252.4,0.1
7109.0,249.6,0.1
146.0,116.7,0.1
6638.0,250.1,0.1
3714.0,250.2,0.1
3364.0,249.8,0.1
3682.0,250.4,0.1
9059.0,249.7,0.1
1463.0,220.8,0.1
6524.0,249.7,0.1
3659.0,250.4,0.1
4040.0,249.8,0.1
4305.0,249.9,0.1
3611.0,250.2,0.1
6031.0,250.1,0.1
5158.0,249.8,0.1
8958.0,250.1,0.1
6658.0,250.0,0.1
1477.0,222.4,0.1
6775.0,250.1,0.1
3656.0,250.4,0.1
7314.0,250.0,0.1
2948.0,248.7,0.1
1423.0,216.1,0.1
2116.0,251.1,0.1
6027.0,250.1,0.1
7364.0,249.7,0.1
551.0,145.6,0.1
437.0,134.9,0.1
4301.0,249.9,0.1
920.0,172.8,0.1
7631.0,249.9,0.1
6347.0,249.9,0.1
703.0,156.0,0.1
9211.0,249.9,0.1
8640.0,250.3,0.1
546.0,145.0,0.1
6199.0,250.0,0.1
5096.0,249.8,0.1
4017.0,249.7,0.1
3595.0,250.0,0.1
1572.0,233.6,0.1
6600.0,250.0,0.1
7251.0,249.9,0.1
1529.0,228.2,0.1
78.0,115.3,0.1
8718.0,250.2,0.1
6275.0,249.8,0.1
5094.0,249.8,0.1
9177.0,249.8,0.1
7008.0,249.6,0.1
9206.0,249.9,0.1
8829.0,250.0,0.1
4475.0,249.9,0.1
2740.0,247.1,0.1
793.0,162.9,0.1
2443.0,245.7,0.1
6741.0,250.1,0.1
1748.0,251.4,0.1
2641.0,245.9,0.1
7219.0,249.7,0.1
3528.0,249.9,0.1
326.0,125.7,0.1
4439.0,250.0,0.1
1433.0,217.3,0.1
4465.0,250.0,0.1
6914.0,250.3,0.1
4156.0,249.7,0.1
3206.0,249.8,0.1
5580.0,249.9,0.1
5192.0,249.7,0.1
5127.0,249.7,0.1
1743.0,251.0,0.1
4210.0,249.8,0.1
4868.0,250.0,0.1
8259.0,250.5,0.1
4067.0,249.8,0.1
7089.0,249.9,0.1
5874.0,250.1,0.1
4091.0,249.8,0.1
2614.0,245.7,0.1
5342.0,250.0,0.1
6508.0,249.9,0.1
9042.0,249.8,0.1
4603.0,249.9,0.1
8188.0,250.6,0.1
404.0,131.4,0.1
6299.0,249.9,0.1
7938.0,249.5,0.1
7828.0,249.3,0.1
7091.0,249.8,0.1
7846.0,249.5,0.1
7407.0,249.5,0.1
7646.0,250.0,0.1
6581.0,249.8,0.1
4924.0,250.1,0.1
6765.0,250.1,0.1
607.0,149.1,0.1
3816.0,249.9,0.1
2574.0,245.1,0.1
5215.0,249.8,0.1
8912.0,250.4,0.1
4912.0,250.0,0.1
8454.0,250.3,0.1
2718.0,246.8,0.1
232.0,120.5,0.1
4598.0,249.9,0.1
739.0,158.8,0.1
7000.0,249.5,0.1
7800.0,249.3,0.1
2542.0,245.3,0.1
8261.0,250.5,0.1
3536.0,249.9,0.1
6466.0,249.8,0.1
8320.0,250.3,0.1
7467.0,249.8,0.1
1798.0,252.8,0.1
5758.0,249.9,0.1
3712.0,250.2,0.1
5115.0,249.8,0.1
626.0,150.7,0.1
4206.0,249.9,0.1
3191.0,249.7,0.1
7020.0,249.6,0.1
9115.0,250.0,0.1
1441.0,218.3,0.1
6212.0,249.9,0.1
1531.0,228.4,0.1
609.0,149.3,0.1
5573.0,249.9,0.1
1209.0,195.3,0.1
6155.0,250.2,0.1
5206.0,249.7,0.1
1376.0,211.2,0.1
734.0,158.3,0.1
8852.0,250.0,0.1
8679.0,250.2,0.1
2314.0,248.3,0.1
1648.0,243.5,0.1
28.0,115.2,0.1
7012.0,249.6,0.1
6008.0,250.1,0.1
816.0,164.8,0.1
595.0,148.5,0.1
4411.0,250.1,0.1
3272.0,249.9,0.1
3100.0,249.3,0.1
5460.0,249.7,0.1
5830.0,250.0,0.1
5356.0,249.9,0.1
6723.0,250.0,0.1
2818.0,247.8,0.1
3168.0,249.7,0.1
1459.0,220.3,0.1
1306.0,204.6,0.1
3294.0,249.8,0.1
8329.0,250.3,0.1
7955.0,249.9,0.1
2861.0,248.1,0.1
6012.0,250.0,0.1
8551.0,249.8,0.1
8548.0,249.8,0.1
1411.0,214.8,0.1
6140.0,250.1,0.1
1201.0,194.8,0.1
3647.0,250.2,0.1
2398.0,246.5,0.1
35.0,115.2,0.1
6108.0,250.1,0.1
947.0,174.8,0.1
6582.0,249.8,0.1
6847.0,250.2,0.1
8085.0,250.4,0.1
2059.0,251.9,0.1
9064.0,249.8,0.1
4335.0,250.0,0.1
4654.0,250.0,0.1
2358.0,247.3,0.1
6684.0,250.0,0.1
5778.0,249.9,0.1
2696.0,246.4,0.1
7323.0,249.9,0.1
7554.0,250.0,0.1
8087.0,250.5,0.1
2890.0,248.4,0.1
6444.0,249.8,0.1
7958.0,249.9,0.1
1752.0,251.6,0.1
38.0,115.2,0.1
7384.0,249.7,0.1
1702.0,248.8,0.1
5454.0,249.7,0.1
9116.0,250.0,0.1
4593.0,249.9,0.1
1269.0,200.6,0.1
8952.0,250.1,0.1
3755.0,250.1,0.1
3972.0,249.8,0.1
3826.0,249.9,0.1
5965.0,250.1,0.1
4689.0,250.0,0.1
2000.0,253.2,0.1
4641.0,250.0,0.1
8742.0,250.3,0.1
6450.0,249.8,0.1
4289.0,250.0,0.1
4709.0,250.0,0.1
1646.0,243.3,0.1
7239.0,249.9,0.1
6014.0,250.0,0.1
2.0,114.9,0.1
1942.0,253.6,0.1
3733.0,250.2,0.1
142.0,116.5,0.1
3985.0,249.8,0.1
1336.0,207.4,0.1
5444.0,249.9,0.1
5028.0,250.1,0.1
3560.0,249.6,0.1
7152.0,249.6,0.1
8297.0,250.4,0.1
5417.0,250.0,0.1
6903.0,250.3,0.1
928.0,173.4,0.1
7655.0,250.0,0.1
1893.0,253.8,0.1
2798.0,247.7,0.1
5773.0,250.0,0.1
5315.0,249.8,0.1
1727.0,250.1,0.1
7288.0,250.0,0.1
3074.0,249.1,0.1
2559.0,245.3,0.1
271.0,122.5,0.1
2278.0,248.5,0.1
2321.0,248.1,0.1
8260.0,250.5,0.1
5257.0,249.8,0.1
8988.0,250.1,0.1
4397.0,250.0,0.1
7945.0,249.9,0.1
4916.0,250.0,0.1
6220.0,249.8,0.1
4497.0,250.0,0.1
6235.0,249.8,0.1
3698.0,250.3,0.1
2330.0,247.9,0.1
394.0,130.5,0.1
3517.0,249.8,0.1
5556.0,249.8,0.1
4779.0,250.1,0.1
3477.0,249.9,0.1
3737.0,250.2,0.1
8815.0,250.1,0.1
7176.0,249.5,0.1
6120.0,250.1,0.1
7901.0,250.1,0.1
1744.0,251.1,0.1
8757.0,250.3,0.1
2397.0,246.5,0.1
8930.0,250.4,0.1
5452.0,249.7,0.1
1146.0,190.4,0.1
5627.0,250.0,0.1
4438.0,250.0,0.1
7745.0,249.9,0.1
4600.0,249.9,0.1
7016.0,249.6,0.1
6325.0,249.9,0.1
4034.0,249.8,0.1
6385.0,250.0,0.1
7424.0,249.4,0.1
5292.0,249.8,0.1
3354.0,250.0,0.1
3462.0,249.9,0.1
2230.0,249.8,0.1
2473.0,245.7,0.1
1497.0,224.5,0.1
1983.0,253.4,0.1
5751.0,249.9,0.1
4493.0,250.0,0.1
1678.0,246.7,0.1
9069.0,249.9,0.1
1399.0,213.6,0.1
2495.0,245.5,0.1
4296.0,250.0,0.1
8833.0,249.9,0.1
8145.0,250.5,0.1
6186.0,250.0,0.1
4526.0,250.0,0.1
7639.0,250.0,0.1
4324.0,249.9,0.1
1722.0,249.9,0.1
6971.0,249.6,0.1
5025.0,250.1,0.1
6906.0,250.3,0.1
6545.0,249.8,0.1
6627.0,250.1,0.1
5470.0,249.7,0.1
7991.0,249.8,0.1
7570.0,250.2,0.1
2605.0,245.5,0.1
1394.0,213.1,0.1
8361.0,250.1,0.1
9110.0,250.0,0.1
827.0,165.9,0.1
1824.0,253.4,0.1
2508.0,245.4,0.1
7608.0,250.0,0.1
7484.0,249.8,0.1
3765.0,250.1,0.1
3701.0,250.3,0.1
7470.0,249.8,0.1
4370.0,250.1,0.1
3170.0,249.7,0.1
8402.0,250.3,0.1
324.0,125.6,0.1
7336.0,249.9,0.1
7338.0,249.8,0.1
2797.0,247.7,0.1
5803.0,249.9,0.1
4674.0,250.1,0.1
7450.0,249.7,0.1
269.0,122.4,0.1
5502.0,249.8,0.1
272.0,122.6,0.1
7528.0,249.9,0.1
7921.0,249.6,0.1
788.0,162.5,0.1
3588.0,250.0,0.1
5552.0,249.8,0.1
8126.0,250.5,0.1
7550.0,249.9,0.1
8191.0,250.5,0.1
2366.0,247.1,0.1
5537.0,249.9,0.1
2296.0,248.6,0.1
7278.0,250.1,0.1
1077.0,185.2,0.1
4074.0,249.8,0.1
1673.0,246.1,0.1
7634.0,249.9,0.1
1667.0,245.6,0.1
6736.0,250.1,0.1
4653.0,250.0,0.1
6491.0,249.8,0.1
583.0,147.9,0.1
635.0,151.4,0.1
5608.0,250.0,0.1
6599.0,250.0,0.1
3969.0,249.8,0.1
8234.0,250.7,0.1
4154.0,249.7,0.1
1460.0,220.4,0.1
4445.0,249.9,0.1
9043.0,249.8,0.1
835.0,166.4,0.1
2539.0,245.3,0.1
8435.0,250.4,0.1
8097.0,250.5,0.1
7630.0,249.9,0.1
4565.0,249.9,0.1
6647.0,250.0,0.1
7573.0,250.2,0.1
6883.0,250.0,0.1
5713.0,249.9,0.1
7143.0,249.7,0.1
2282.0,248.3,0.1
3120.0,249.3,0.1
7329.0,249.9,0.1
2852.0,248.0,0.1
279.0,122.9,0.1
6803.0,250.1,0.1
3798.0,249.9,0.1
1268.0,200.6,0.1
2272.0,248.5,0.1
8755.0,250.3,0.1
8121.0,250.4,0.1
1019.0,180.3,0.1
1715.0,249.5,0.1
7695.0,250.0,0.1
7508.0,249.9,0.1
4106.0,249.6,0.1
3904.0,249.9,0.1
4632.0,250.0,0.1
4724.0,250.1,0.1
7256.0,250.0,0.1
4333.0,250.0,0.1
190.0,118.5,0.1
5762.0,249.9,0.1
548.0,145.2,0.1
6359.0,250.0,0.1
224.0,120.0,0.1
5968.0,250.1,0.1
3558.0,249.6,0.1
3416.0,249.8,0.1
584.0,148.0,0.1
9144.0,249.8,0.1
2419.0,246.2,0.1
4234.0,249.8,0.1
7438.0,249.5,0.1
9209.0,249.9,0.1
8150.0,250.3,0.1
531.0,143.8,0.1
629.0,150.9,0.1
8310.0,250.2,0.1
4874.0,250.0,0.1
5941.0,250.1,0.1
8204.0,250.5,0.1
5409.0,249.9,0.1
5906.0,250.1,0.1
49.0,115.2,0.1
7273.0,250.0,0.1
8349.0,250.3,0.1
7250.0,249.9,0.1
8218.0,250.8,0.1
8184.0,250.7,0.1
8438.0,250.4,0.1
1574.0,233.8,0.1
5704.0,249.9,0.1
3620.0,250.3,0.1
7319.0,250.0,0.1
6183.0,250.1,0.1
4681.0,250.0,0.1
7602.0,250.1,0.1
8975.0,250.2,0.1
6615.0,250.0,0.1
7645.0,250.0,0.1
8436.0,250.4,0.1
8165.0,250.3,0.1
8933.0,250.4,0.1
375.0,129.0,0.1
5632.0,250.1,0.1
3497.0,249.8,0.1
2643.0,245.9,0.1
1040.0,182.1,0.1
6032.0,250.1,0.1
8813.0,250.0,0.1
3422.0,249.9,0.1
9204.0,249.9,0.1
2026.0,253.0,0.1
1447.0,219.0,0.1
2051.0,252.2,0.1
6182.0,250.1,0.1
3863.0,249.9,0.1
6410.0,250.0,0.1
5954.0,250.2,0.1
6366.0,250.0,0.1
6203.0,250.0,0.1
1604.0,237.8,0.1
6703.0,250.0,0.1
4088.0,249.8,0.1
3254.0,249.7,0.1
7349.0,249.8,0.1
1535.0,228.9,0.1
5171.0,249.8,0.1
740.0,158.8,0.1
8200.0,250.4,0.1
7003.0,249.5,0.1
4072.0,249.8,0.1
3013.0,249.0,0.1
2203.0,250.3,0.1
4918.0,250.0,0.1
5317.0,249.8,0.1
630.0,151.0,0.1
4743.0,250.0,0.1
4967.0,250.1,0.1
3803.0,249.9,0.1
4860.0,250.1,0.1
3361.0,249.8,0.1
3545.0,249.8,0.1
3815.0,249.9,0.1
77.0,115.3,0.1
5349.0,249.9,0.1
983.0,177.4,0.1
8761.0,250.3,0.1
2732.0,247.0,0.1
6530.0,249.7,0.1
2354.0,247.3,0.1
987.0,177.8,0.1
1062.0,183.9,0.1
8527.0,250.3,0.1
8007.0,249.8,0.1
1296.0,203.4,0.1
5979.0,250.2,0.1
1974.0,253.4,0.1
5344.0,250.0,0.1
2746.0,247.1,0.1
7849.0,249.5,0.1
5011.0,250.1,0.1
7246.0,249.9,0.1
504.0,141.4,0.1
3387.0,249.9,0.1
3325.0,250.0,0.1
2004.0,253.2,0.1
6007.0,250.1,0.1
8533.0,250.3,0.1
8618.0,250.4,0.1
8838.0,249.9,0.1
5433.0,250.0,0.1
5179.0,249.8,0.1
4883.0,250.0,0.1
870.0,169.1,0.1
2242.0,249.5,0.1
2781.0,247.4,0.1
7160.0,249.7,0.1
3931.0,249.9,0.1
3248.0,249.5,0.1
8585.0,249.8,0.1
5366.0,250.0,0.1
6267.0,249.9,0.1
2080.0,252.2,0.1
9192.0,249.9,0.1
8242.0,250.6,0.1
3375.0,249.9,0.1
5090.0,249.8,0.1
280.0,122.9,0.1
129.0,116.0,0.1
8275.0,250.4,0.1
645.0,152.0,0.1
64.0,115.3,0.1
7671.0,250.0,0.1
2309.0,248.3,0.1
5980.0,250.2,0.1
7317.0,250.0,0.1
7007.0,249.5,0.1
2585.0,245.3,0.1
3116.0,249.2,0.1
8198.0,250.3,0.1
3533.0,249.9,0.1
2379.0,246.8,0.1
1708.0,249.2,0.1
1895.0,253.8,0.1
7653.0,250.0,0.1
6544.0,249.8,0.1
2356.0,247.3,0.1
7652.0,250.0,0.1
1590.0,236.0,0.1
9014.0,249.9,0.1
3970.0,249.8,0.1
5426.0,250.0,0.1
6987.0,249.5,0.1
1262.0,200.0,0.1
3374.0,249.9,0.1
3564.0,249.6,0.1
7173.0,249.6,0.1
4804.0,250.1,0.1
8860.0,250.2,0.1
7673.0,250.0,0.1
8017.0,250.1,0.1
790.0,162.7,0.1
3386.0,249.9,0.1
8626.0,250.4,0.1
7396.0,249.5,0.1
8605.0,250.3,0.1
6442.0,249.8,0.1
3131.0,249.4,0.1
2894.0,248.5,0.1
409.0,131.8,0.1
552.0,145.6,0.1
802.0,163.6,0.1
1461.0,220.5,0.1
9090.0,250.0,0.1
535.0,144.1,0.1
8119.0,250.4,0.1
7022.0,249.6,0.1
5520.0,249.9,0.1
7105.0,249.8,0.1
335.0,126.3,0.1
6382.0,250.0,0.1
640.0,151.7,0.1
516.0,142.5,0.1
7186.0,249.5,0.1
591.0,148.3,0.1
3930.0,250.0,0.1
3235.0,249.8,0.1
8612.0,250.4,0.1
6036.0,250.1,0.1
6525.0,249.7,0.1
1391.0,212.8,0.1
3007.0,248.9,0.1
7677.0,250.1,0.1
4035.0,249.8,0.1
1161.0,191.4,0.1
7367.0,249.6,0.1
1458.0,220.2,0.1
5507.0,249.8,0.1
6534.0,249.7,0.1
6871.0,250.1,0.1
4325.0,249.9,0.1
3344.0,249.9,0.1
5244.0,249.7,0.1
1998.0,253.2,0.1
8344.0,250.2,0.1
5066.0,249.9,0.1
2352.0,247.4,0.1
5928.0,250.1,0.1
5844.0,249.9,0.1
4303.0,249.9,0.1
1152.0,190.8,0.1
2765.0,247.3,0.1
5038.0,250.0,0.1
4516.0,250.0,0.1
6757.0,250.0,0.1
5725.0,249.8,0.1
4999.0,250.0,0.1
6147.0,250.2,0.1
4732.0,250.1,0.1
3878.0,249.9,0.1
6177.0,250.0,0.1
4736.0,250.0,0.1
4299.0,250.0,0.1
5239.0,249.7,0.1
5361.0,249.9,0.1
1655.0,244.4,0.1
8118.0,250.4,0.1
2423.0,246.1,0.1
3054.0,249.0,0.1
935.0,173.9,0.1
5694.0,249.8,0.1
2480.0,245.7,0.1
4595.0,249.9,0.1
3303.0,250.0,0.1
8713.0,250.2,0.1
8694.0,250.1,0.1
6095.0,250.1,0.1
756.0,159.9,0.1
3389.0,249.8,0.1
1120.0,188.5,0.1
840.0,166.8,0.1
4955.0,250.1,0.1
6374.0,249.9,0.1
164.0,117.5,0.1
4011.0,249.8,0.1
593.0,148.4,0.1
1234.0,197.3,0.1
3979.0,249.7,0.1
7890.0,250.0,0.1
8149.0,250.3,0.1
7913.0,249.8,0.1
136.0,116.3,0.1
5486.0,249.8,0.1
127.0,115.9,0.1
9103.0,250.0,0.1
1753.0,251.6,0.1
5836.0,249.9,0.1
772.0,161.3,0.1
7497.0,249.9,0.1
8891.0,250.4,0.1
4904.0,250.0,0.1
3075.0,249.1,0.1
3265.0,249.7,0.1
5227.0,249.7,0.1
929.0,173.5,0.1
7279.0,250.1,0.1
5435.0,250.0,0.1
2844.0,247.9,0.1
5149.0,249.7,0.1
5203.0,249.7,0.1
4331.0,249.9,0.1
752.0,159.6,0.1
3671.0,250.4,0.1
4369.0,250.1,0.1
2468.0,245.7,0.1
1356.0,209.1,0.1
478.0,139.3,0.1
3295.0,249.9,0.1
7412.0,249.5,0.1
1348.0,208.4,0.1
6820.0,250.0,0.1
3599.0,250.0,0.1
238.0,120.9,0.1
3368.0,249.8,0.1
5085.0,249.8,0.1
5707.0,249.9,0.1
1901.0,253.7,0.1
2385.0,246.7,0.1
6169.0,250.1,0.1
893.0,170.8,0.1
3155.0,249.6,0.1
2046.0,252.6,0.1
7272.0,250.0,0.1
3297.0,249.9,0.1
1362.0,209.7,0.1
1124.0,188.7,0.1
305.0,124.4,0.1
207.0,119.2,0.1
2571.0,245.1,0.1
4834.0,250.1,0.1
6264.0,249.9,0.1
1408.0,214.6,0.1
2721.0,246.8,0.1
6187.0,250.0,0.1
873.0,169.3,0.1
5691.0,249.8,0.1
4538.0,249.9,0.1
4132.0,249.6,0.1
1985.0,253.4,0.1
2788.0,247.5,0.1
1088.0,186.0,0.1
8969.0,250.1,0.1
1773.0,252.3,0.1
3142.0,249.5,0.1
806.0,164.0,0.1
5079.0,249.8,0.1
631.0,151.1,0.1
1021.0,180.5,0.1
5647.0,250.1,0.1
7720.0,250.1,0.1
8475.0,250.3,0.1
8380.0,250.0,0.1
4347.0,250.0,0.1
2007.0,253.2,0.1
1815.0,253.3,0.1
2776.0,247.5,0.1
1943.0,253.5,0.1
5130.0,249.8,0.1
948.0,174.9,0.1
122.0,115.8,0.1
492.0,140.4,0.1
4618.0,249.9,0.1
1612.0,238.9,0.1
5269.0,249.8,0.1
1444.0,218.7,0.1
9052.0,249.7,0.1
8298.0,250.4,0.1
4996.0,250.0,0.1
2295.0,248.6,0.1
5798.0,249.9,0.1
6667.0,250.0,0.1
7988.0,249.8,0.1
74.0,115.3,0.1
8641.0,250.3,0.1
4300.0,249.9,0.1
6846.0,250.2,0.1
7944.0,249.8,0.1
6842.0,250.2,0.1
7797.0,249.3,0.1
6928.0,250.1,0.1
9056.0,249.7,0.1
3817.0,249.9,0.1
881.0,170.0,0.1
5252.0,249.7,0.1
5838.0,249.9,0.1
4310.0,250.0,0.1
2863.0,248.2,0.1
3098.0,249.3,0.1
910.0,172.0,0.1
1874.0,253.9,0.1
258.0,121.8,0.1
4394.0,250.0,0.1
6431.0,249.8,0.1
9171.0,249.8,0.1
1506.0,225.6,0.1
1582.0,234.9,0.1
7519.0,250.0,0.1
5911.0,250.1,0.1
795.0,163.0,0.1
1220.0,196.3,0.1
2876.0,248.4,0.1
4079.0,249.7,0.1
4162.0,249.8,0.1
3229.0,249.8,0.1
617.0,150.0,0.1
410.0,131.8,0.1
5140.0,249.7,0.1
7734.0,250.0,0.1
143.0,116.6,0.1
9040.0,249.8,0.1
3130.0,249.4,0.1
2399.0,246.4,0.1
7042.0,249.6,0.1
2799.0,247.7,0.1
7754.0,249.9,0.1
8055.0,250.1,0.1
6307.0,249.8,0.1
6453.0,249.8,0.1
4419.0,250.1,0.1
2467.0,245.7,0.1
6480.0,249.8,0.1
3213.0,249.8,0.1
144.0,116.6,0.1
8581.0,249.8,0.1
435.0,134.6,0.1
1407.0,214.5,0.1
5898.0,250.0,0.1
3923.0,250.1,0.1
7234.0,249.9,0.1
6784.0,250.1,0.1
370.0,128.7,0.1
5411.0,249.9,0.1
2141.0,250.8,0.1
4604.0,250.0,0.1
343.0,126.8,0.1
1059.0,183.7,0.1
1982.0,253.3,0.1
1721.0,249.9,0.1
8450.0,250.3,0.1
5660.0,249.9,0.1
4144.0,249.6,0.1
6536.0,249.7,0.1
8769.0,250.1,0.1
5884.0,250.1,0.1
7810.0,249.3,0.1
2640.0,245.9,0.1
5451.0,249.8,0.1
6094.0,250.1,0.1
5648.0,250.1,0.1
8955.0,250.1,0.1
8073.0,250.2,0.1
2989.0,248.7,0.1
3559.0,249.6,0.1
1724.0,250.0,0.1
4691.0,250.0,0.1
7939.0,249.6,0.1
7489.0,249.9,0.1
1172.0,192.5,0.1
8900.0,250.3,0.1
5878.0,250.0,0.1
480.0,139.5,0.1
1841.0,253.7,0.1
2085.0,252.1,0.1
3784.0,250.1,0.1
5195.0,249.7,0.1
3192.0,249.7,0.1
6547.0,249.9,0.1
1887.0,253.9,0.1
4728.0,250.1,0.1
2808.0,247.7,0.1
7198.0,249.6,0.1
4215.0,249.8,0.1
5818.0,250.0,0.1
3691.0,250.4,0.1
2487.0,245.5,0.1
7836.0,249.5,0.1
6855.0,250.2,0.1
6682.0,250.0,0.1
2346.0,247.6,0.1
5519.0,249.9,0.1
8183.0,250.7,0.1
3592.0,250.0,0.1
2812.0,247.6,0.1
8189.0,250.6,0.1
5538.0,249.9,0.1
4942.0,250.0,0.1
5877.0,250.0,0.1
6312.0,249.8,0.1
4958.0,250.1,0.1
4612.0,249.9,0.1
8136.0,250.6,0.1
8753.0,250.3,0.1
1532.0,228.6,0.1
6590.0,249.8,0.1
1081.0,185.4,0.1
2045.0,252.6,0.1
6651.0,250.0,0.1
1889.0,253.9,0.1
4392.0,250.0,0.1
1108.0,187.7,0.1
541.0,144.5,0.1
8980.0,250.2,0.1
2904.0,248.5,0.1
1813.0,253.3,0.1
3557.0,249.6,0.1
3011.0,249.0,0.1
1586.0,235.4,0.1
702.0,155.9,0.1
8644.0,250.3,0.1
4825.0,250.0,0.1
2236.0,249.6,0.1
4776.0,250.1,0.1
3358.0,250.0,0.1
6231.0,249.8,0.1
5506.0,249.8,0.1
2768.0,247.4,0.1
8509.0,250.2,0.1
1657.0,244.6,0.1
7197.0,249.6,0.1
4712.0,250.0,0.1
2319.0,248.2,0.1
5243.0,249.7,0.1
1198.0,194.5,0.1
4140.0,249.6,0.1
7122.0,249.6,0.1
7668.0,250.0,0.1
7430.0,249.4,0.1
1260.0,199.8,0.1
8771.0,250.1,0.1
6983.0,249.5,0.1
5908.0,250.1,0.1
5449.0,249.8,0.1
8328.0,250.3,0.1
117.0,115.8,0.1
6276.0,249.8,0.1
3053.0,249.0,0.1
3006.0,248.9,0.1
2027.0,253.0,0.1
1899.0,253.7,0.1
2717.0,246.8,0.1
7658.0,250.0,0.1
786.0,162.4,0.1
4344.0,250.0,0.1
2153.0,250.8,0.1
2961.0,248.7,0.1
7141.0,249.6,0.1
1079.0,185.3,0.1
1380.0,211.6,0.1
1891.0,253.8,0.1
9076.0,250.0,0.1
3000.0,248.9,0.1
805.0,163.9,0.1
4587.0,249.9,0.1
3290.0,249.8,0.1
2553.0,245.3,0.1
6294.0,249.9,0.1
8822.0,250.0,0.1
6691.0,250.1,0.1
2229.0,249.8,0.1
3767.0,250.1,0.1
4906.0,250.0,0.1
8588.0,249.9,0.1
7885.0,250.0,0.1
3169.0,249.7,0.1
5484.0,249.8,0.1
6665.0,250.0,0.1
931.0,173.7,0.1
3088.0,249.3,0.1
8786.0,250.1,0.1
1849.0,253.7,0.1
5535.0,249.9,0.1
102.0,115.5,0.1
8318.0,250.3,0.1
3516.0,249.8,0.1
5821.0,250.0,0.1
1749.0,251.4,0.1
2795.0,247.6,0.1
5797.0,249.9,0.1
5912.0,250.1,0.1
1286.0,202.3,0.1
9148.0,249.9,0.1
7997.0,249.8,0.1
7931.0,249.4,0.1
3967.0,249.8,0.1
6077.0,250.1,0.1
317.0,125.2,0.1
826.0,165.8,0.1
9005.0,249.9,0.1
1321.0,206.0,0.1
5864.0,249.9,0.1
3202.0,249.8,0.1
8634.0,250.4,0.1
4189.0,249.7,0.1
59.0,115.3,0.1
5654.0,250.0,0.1
6268.0,249.9,0.1
3493.0,249.8,0.1
2169.0,250.8,0.1
2839.0,247.9,0.1
3471.0,249.8,0.1
401.0,131.1,0.1
2011.0,253.1,0.1
3675.0,250.4,0.1
2129.0,250.9,0.1
358.0,127.9,0.1
6285.0,249.7,0.1
3072.0,249.1,0.1
4223.0,249.8,0.1
7850.0,249.5,0.1
9091.0,250.0,0.1
7093.0,249.8,0.1
2369.0,247.1,0.1
6506.0,249.8,0.1
4735.0,250.1,0.1
3342.0,249.9,0.1
3953.0,249.9,0.1
5463.0,249.7,0.1
6898.0,250.2,0.1
4254.0,249.9,0.1
3219.0,249.8,0.1
5309.0,249.9,0.1
4463.0,250.0,0.1
2096.0,251.6,0.1
1130.0,189.1,0.1
3025.0,249.1,0.1
1687.0,247.6,0.1
162.0,117.5,0.1
4546.0,249.9,0.1
4507.0,250.0,0.1
585.0,148.0,0.1
1465.0,221.0,0.1
1776.0,252.3,0.1
8586.0,249.8,0.1
4485.0,249.9,0.1
3977.0,249.7,0.1
6462.0,249.8,0.1
6482.0,249.8,0.1
3855.0,249.9,0.1
5391.0,250.0,0.1
6993.0,249.6,0.1
378.0,129.2,0.1
8627.0,250.4,0.1
4389.0,250.0,0.1
2017.0,253.0,0.1
2928.0,248.7,0.1
8861.0,250.2,0.1
7987.0,249.8,0.1
4701.0,250.1,0.1
7347.0,249.8,0.1
8070.0,250.1,0.1
6531.0,249.7,0.1
459.0,137.4,0.1
4963.0,250.1,0.1
2193.0,250.4,0.1
8098.0,250.5,0.1
6456.0,249.8,0.1
8770.0,250.1,0.1
1697.0,248.4,0.1
1252.0,199.2,0.1
7853.0,249.5,0.1
7120.0,249.6,0.1
1907.0,253.7,0.1
4087.0,249.8,0.1
3875.0,249.9,0.1
8847.0,249.9,0.1
5296.0,249.9,0.1
8474.0,250.3,0.1
3960.0,249.8,0.1
6068.0,250.2,0.1
7261.0,250.0,0.1
8999.0,249.9,0.1
3966.0,249.8,0.1
2511.0,245.4,0.1
4836.0,250.1,0.1
7956.0,249.9,0.1
6674.0,250.1,0.1
5221.0,249.7,0.1
8148.0,250.3,0.1
2582.0,245.2,0.1
8708.0,250.3,0.1
4499.0,250.0,0.1
4913.0,250.0,0.1
2745.0,247.1,0.1
4171.0,249.8,0.1
1438.0,217.9,0.1
3473.0,249.9,0.1
5582.0,249.9,0.1
776.0,161.6,0.1
7204.0,249.6,0.1
5407.0,249.9,0.1
8997.0,249.9,0.1
6797.0,250.0,0.1
7699.0,250.2,0.1
476.0,139.1,0.1
6176.0,250.0,0.1
8552.0,249.8,0.1
6041.0,250.1,0.1
2162.0,250.7,0.1
1301.0,204.0,0.1
8056.0,250.1,0.1
8747.0,250.3,0.1
6256.0,249.7,0.1
1352.0,208.7,0.1
293.0,123.6,0.1
2383.0,246.8,0.1
3103.0,249.2,0.1
8282.0,250.6,0.1
7684.0,250.0,0.1
2924.0,248.6,0.1
6001.0,250.2,0.1
6293.0,249.8,0.1
7511.0,249.9,0.1
6033.0,250.1,0.1
8422.0,250.5,0.1
8101.0,250.5,0.1
2757.0,247.2,0.1
1819.0,253.4,0.1
9212.0,249.9,0.1
5508.0,249.8,0.1
2980.0,248.7,0.1
7594.0,250.2,0.1
5220.0,249.7,0.1
4109.0,249.6,0.1
3179.0,249.7,0.1
1882.0,253.9,0.1
1674.0,246.2,0.1
9077.0,250.0,0.1
8984.0,250.1,0.1
3301.0,249.9,0.1
5614.0,250.0,0.1
1863.0,253.8,0.1
284.0,123.2,0.1
3937.0,249.9,0.1
2850.0,248.0,0.1
8884.0,250.4,0.1
5458.0,249.6,0.1
6253.0,249.7,0.1
2670.0,246.2,0.1
6845.0,250.2,0.1
6884.0,250.0,0.1
6711.0,250.0,0.1
4937.0,250.0,0.1
6104.0,250.1,0.1
7346.0,249.7,0.1
8698.0,250.2,0.1
8872.0,250.4,0.1
5148.0,249.7,0.1
5024.0,250.1,0.1
475.0,139.0,0.1
4677.0,250.1,0.1
7731.0,250.0,0.1
1331.0,206.9,0.1
3036.0,249.0,0.1
3927.0,250.0,0.1
4448.0,249.9,0.1
6398.0,249.9,0.1
3201.0,249.8,0.1
1165.0,191.8,0.1
6435.0,249.7,0.1
829.0,166.0,0.1
6340.0,250.0,0.1
3087.0,249.3,0.1
2630.0,245.7,0.1
8388.0,250.1,0.1
8944.0,250.1,0.1
6863.0,250.1,0.1
7.0,114.9,0.1
2118.0,251.0,0.1
3777.0,250.1,0.1
8686.0,250.4,0.1
9197.0,249.9,0.1
3582.0,250.0,0.1
3980.0,249.7,0.1
3441.0,249.8,0.1
4671.0,250.1,0.1
90.0,115.3,0.1
6287.0,249.7,0.1
2578.0,245.1,0.1
6892.0,250.0,0.1
1538.0,229.2,0.1
140.0,116.5,0.1
2720.0,246.8,0.1
5424.0,250.0,0.1
4358.0,250.0,0.1
7845.0,249.5,0.1
2762.0,247.2,0.1
691.0,155.2,0.1
1723.0,250.0,0.1
1659.0,244.8,0.1
2963.0,248.7,0.1
8942.0,250.2,0.1
8801.0,250.1,0.1
3312.0,249.9,0.1
8358.0,250.1,0.1
8499.0,250.3,0.1
7946.0,249.9,0.1
5630.0,250.0,0.1
704.0,156.1,0.1
1109.0,187.8,0.1
1694.0,248.2,0.1
5495.0,249.8,0.1
4791.0,250.1,0.1
1547.0,230.4,0.1
669.0,153.6,0.1
2163.0,250.7,0.1
4981.0,250.0,0.1
1679.0,246.7,0.1
2860.0,248.1,0.1
3572.0,249.7,0.1
3084.0,249.3,0.1
5019.0,250.1,0.1
5274.0,249.8,0.1
2312.0,248.3,0.1
6292.0,249.8,0.1
4635.0,250.0,0.1
646.0,152.1,0.1
329.0,125.9,0.1
309.0,124.7,0.1
6782.0,250.1,0.1
9105.0,250.0,0.1
7765.0,250.0,0.1
1896.0,253.8,0.1
7441.0,249.5,0.1
1323.0,206.2,0.1
8023.0,250.0,0.1
3556.0,249.7,0.1
4435.0,250.0,0.1
191.0,118.5,0.1
6756.0,250.0,0.1
1397.0,213.4,0.1
6718.0,250.0,0.1
2853.0,248.0,0.1
5746.0,249.9,0.1
5649.0,250.1,0.1
2550.0,245.3,0.1
7101.0,249.8,0.1
75.0,115.3,0.1
8699.0,250.2,0.1
3263.0,249.7,0.1
4756.0,250.2,0.1
1425.0,216.4,0.1
7070.0,249.8,0.1
6149.0,250.2,0.1
2275.0,248.5,0.1
2410.0,246.2,0.1
2854.0,248.0,0.1
470.0,138.4,0.1
4123.0,249.7,0.1
8764.0,250.2,0.1
5303.0,249.9,0.1
8870.0,250.4,0.1
7558.0,250.0,0.1
9006.0,249.9,0.1
6023.0,250.0,0.1
281.0,123.0,0.1
6880.0,250.0,0.1
8308.0,250.2,0.1
8131.0,250.6,0.1
512.0,142.2,0.1
4755.0,250.2,0.1
4562.0,249.9,0.1
6039.0,250.1,0.1
1016.0,180.1,0.1
4032.0,249.8,0.1
7002.0,249.5,0.1
5693.0,249.8,0.1
6833.0,250.0,0.1
9125.0,249.8,0.1
300.0,124.1,0.1
8799.0,250.1,0.1
1618.0,239.9,0.1
5913.0,250.1,0.1
2422.0,246.1,0.1
5246.0,249.7,0.1
6112.0,250.1,0.1
6706.0,250.0,0.1
266.0,122.2,0.1
6940.0,250.0,0.1
8095.0,250.6,0.1
1641.0,242.6,0.1
8416.0,250.5,0.1
520.0,142.8,0.1
8584.0,249.8,0.1
3443.0,249.8,0.1
6921.0,250.2,0.1
7919.0,249.8,0.1
6753.0,250.1,0.1
308.0,124.6,0.1
9051.0,249.7,0.1
7735.0,250.0,0.1
1282.0,202.0,0.1
1154.0,190.9,0.1
6742.0,250.1,0.1
3077.0,249.1,0.1
2780.0,247.5,0.1
6354.0,250.0,0.1
8466.0,250.3,0.1
4164.0,249.8,0.1
6874.0,250.1,0.1
3532.0,249.9,0.1
5675.0,249.9,0.1
2855.0,248.0,0.1
8268.0,250.4,0.1
4135.0,249.6,0.1
6192.0,250.0,0.1
2451.0,245.7,0.1
1951.0,253.5,0.1
4818.0,250.0,0.1
3894.0,249.9,0.1
1514.0,226.4,0.1
8998.0,249.9,0.1
7722.0,250.1,0.1
6680.0,250.1,0.1
5673.0,250.0,0.1
2648.0,245.9,0.1
488.0,140.1,0.1
7601.0,250.1,0.1
8874.0,250.4,0.1
3871.0,249.9,0.1
8707.0,250.3,0.1
3014.0,249.0,0.1
4196.0,249.8,0.1
7385.0,249.7,0.1
1184.0,193.4,0.1
8449.0,250.3,0.1
6920.0,250.3,0.1
4208.0,249.8,0.1
178.0,117.9,0.1
7688.0,250.0,0.1
121.0,115.8,0.1
3628.0,250.3,0.1
507.0,141.7,0.1
836.0,166.5,0.1
2950.0,248.7,0.1
3568.0,249.7,0.1
3104.0,249.2,0.1
7839.0,249.5,0.1
4622.0,250.0,0.1
6768.0,250.0,0.1
6956.0,249.9,0.1
3729.0,250.2,0.1
6163.0,250.2,0.1
2086.0,252.1,0.1
9000.0,249.9,0.1
3326.0,250.0,0.1
5933.0,250.1,0.1
8741.0,250.3,0.1
7377.0,249.6,0.1
2325.0,248.1,0.1
2512.0,245.4,0.1
8768.0,250.1,0.1
4199.0,249.8,0.1
3898.0,250.0,0.1
649.0,152.3,0.1
5030.0,250.0,0.1
7964.0,250.2,0.1
4354.0,250.0,0.1
1949.0,253.5,0.1
3010.0,248.9,0.1
7271.0,250.1,0.1
5410.0,249.9,0.1
3537.0,249.8,0.1
4977.0,250.0,0.1
3417.0,249.9,0.1
4590.0,249.9,0.1
7159.0,249.7,0.1
4757.0,250.2,0.1
4970.0,250.0,0.1
6955.0,249.9,0.1
6016.0,250.0,0.1
5182.0,249.7,0.1
4601.0,249.9,0.1
468.0,138.2,0.1
8671.0,250.2,0.1
8862.0,250.2,0.1
4837.0,250.1,0.1
8428.0,250.5,0.1
4434.0,250.0,0.1
4021.0,249.8,0.1
8518.0,250.2,0.1
8895.0,250.3,0.1
1453.0,219.7,0.1
6900.0,250.3,0.1
1148.0,190.5,0.1
8831.0,250.0,0.1
4494.0,250.0,0.1
2432.0,245.9,0.1
1958.0,253.5,0.1
3524.0,249.8,0.1
8655.0,250.4,0.1
7706.0,250.2,0.1
1089.0,186.1,0.1
3360.0,249.9,0.1
2225.0,249.9,0.1
3349.0,250.0,0.1
3684.0,250.4,0.1
2554.0,245.3,0.1
2625.0,245.7,0.1
1871.0,253.9,0.1
8278.0,250.4,0.1
9134.0,249.9,0.1
8739.0,250.3,0.1
1546.0,230.4,0.1
7687.0,250.0,0.1
8443.0,250.4,0.1
6693.0,250.1,0.1
2142.0,250.8,0.1
5222.0,249.7,0.1
2857.0,248.1,0.1
386.0,129.8,0.1
8265.0,250.4,0.1
5682.0,249.9,0.1
3335.0,249.8,0.1
7130.0,249.6,0.1
8178.0,250.6,0.1
241.0,121.1,0.1
7380.0,249.7,0.1
9079.0,250.1,0.1
8668.0,250.2,0.1
8327.0,250.3,0.1
7985.0,249.8,0.1
6977.0,249.6,0.1
1544.0,230.0,0.1
3718.0,250.2,0.1
2822.0,247.8,0.1
5209.0,249.8,0.1
6666.0,250.0,0.1
6352.0,250.0,0.1
2513.0,245.4,0.1
3293.0,249.8,0.1
5017.0,250.1,0.1
8001.0,249.7,0.1
1031.0,181.4,0.1
2135.0,250.9,0.1
2151.0,250.8,0.1
6225.0,249.8,0.1
4001.0,249.8,0.1
7584.0,250.2,0.1
7872.0,249.9,0.1
6156.0,250.2,0.1
8746.0,250.3,0.1
2248.0,249.2,0.1
8979.0,250.2,0.1
8511.0,250.2,0.1
7312.0,250.0,0.1
7368.0,249.6,0.1
6576.0,249.9,0.1
642.0,151.8,0.1
5023.0,250.1,0.1
6701.0,250.0,0.1
7431.0,249.4,0.1
7716.0,250.1,0.1
2028.0,252.9,0.1
2902.0,248.5,0.1
545.0,144.9,0.1
1194.0,194.2,0.1
8680.0,250.3,0.1
5948.0,250.1,0.1
3343.0,249.9,0.1
1645.0,243.1,0.1
8636.0,250.4,0.1
8973.0,250.2,0.1
5156.0,249.8,0.1
2715.0,246.8,0.1
2837.0,247.9,0.1
2216.0,250.1,0.1
2470.0,245.7,0.1
8155.0,250.3,0.1
1705.0,249.0,0.1
6502.0,249.8,0.1
677.0,154.0,0.1
486.0,139.9,0.1
654.0,152.6,0.1
5747.0,249.9,0.1
3398.0,249.8,0.1
3286.0,249.9,0.1
8015.0,250.1,0.1
9013.0,249.9,0.1
9137.0,250.0,0.1
4978.0,250.0,0.1
3968.0,249.8,0.1
919.0,172.6,0.1
5256.0,249.8,0.1
383.0,129.6,0.1
7172.0,249.6,0.1
5034.0,250.0,0.1
8590.0,250.1,0.1
9200.0,249.9,0.1
8740.0,250.3,0.1
43.0,115.2,0.1
4808.0,250.1,0.1
7537.0,249.9,0.1
4066.0,249.8,0.1
426.0,133.3,0.1
8790.0,250.1,0.1
7241.0,249.9,0.1
7786.0,249.7,0.1
3355.0,250.0,0.1
8797.0,250.1,0.1
571.0,147.0,0.1
6145.0,250.1,0.1
4235.0,249.8,0.1
7995.0,249.8,0.1
9093.0,250.0,0.1
2879.0,248.4,0.1
2728.0,246.9,0.1
2631.0,245.7,0.1
8207.0,250.6,0.1
395.0,130.6,0.1
4799.0,250.1,0.1
4046.0,249.8,0.1
287.0,123.3,0.1
4926.0,250.0,0.1
6660.0,250.0,0.1
1192.0,194.1,0.1
713.0,156.6,0.1
5263.0,249.8,0.1
8246.0,250.6,0.1
3638.0,250.2,0.1
8154.0,250.3,0.1
5181.0,249.7,0.1
6111.0,250.1,0.1
8676.0,250.2,0.1
2298.0,248.6,0.1
722.0,157.2,0.1
9155.0,249.9,0.1
5963.0,250.1,0.1
1781.0,252.5,0.1
4395.0,250.0,0.1
250.0,121.5,0.1
3391.0,249.7,0.1
3629.0,250.3,0.1
5021.0,250.1,0.1
4.0,114.9,0.1
2265.0,248.6,0.1
4446.0,249.9,0.1
6807.0,250.1,0.1
5456.0,249.6,0.1
4498.0,250.0,0.1
823.0,165.5,0.1
6858.0,250.2,0.1
8061.0,250.1,0.1
477.0,139.2,0.1
2404.0,246.4,0.1
6692.0,250.1,0.1
698.0,155.7,0.1
6404.0,249.9,0.1
5655.0,250.0,0.1
2387.0,246.7,0.1
3759.0,250.1,0.1
3987.0,249.8,0.1
3418.0,249.9,0.1
9111.0,250.0,0.1
6719.0,250.0,0.1
4064.0,249.8,0.1
5432.0,250.0,0.1
8914.0,250.4,0.1
7568.0,250.2,0.1
1638.0,242.3,0.1
8843.0,249.9,0.1
5840.0,249.9,0.1
8099.0,250.5,0.1
220.0,119.8,0.1
7976.0,250.1,0.1
5360.0,249.9,0.1
4271.0,250.0,0.1
2962.0,248.7,0.1
2824.0,247.8,0.1
7102.0,249.8,0.1
3278.0,249.9,0.1
7632.0,249.9,0.1
1583.0,235.0,0.1
5074.0,249.8,0.1
4214.0,249.8,0.1
8896.0,250.3,0.1
6737.0,250.1,0.1
1651.0,243.9,0.1
2636.0,245.8,0.1
497.0,140.8,0.1
3407.0,249.8,0.1
4719.0,250.1,0.1
5332.0,249.9,0.1
549.0,145.3,0.1
3115.0,249.2,0.1
966.0,176.3,0.1
7416.0,249.4,0.1
295.0,123.7,0.1
6135.0,250.1,0.1
8494.0,250.3,0.1
7308.0,250.0,0.1
6761.0,250.1,0.1
4357.0,250.0,0.1
4424.0,250.1,0.1
1300.0,203.9,0.1
6055.0,250.1,0.1
1137.0,189.7,0.1
5554.0,249.8,0.1
3321.0,250.0,0.1
3576.0,249.8,0.1
8074.0,250.2,0.1
6959.0,249.8,0.1
3329.0,250.0,0.1
8003.0,249.7,0.1
3645.0,250.2,0.1
2416.0,246.2,0.1
6086.0,250.1,0.1
3424.0,249.9,0.1
5473.0,249.8,0.1
3757.0,250.1,0.1
4364.0,250.1,0.1
961.0,175.9,0.1
7709.0,250.1,0.1
818.0,165.0,0.1
4096.0,249.8,0.1
8384.0,250.1,0.1
1073.0,184.9,0.1
3448.0,249.8,0.1
8521.0,250.1,0.1
8078.0,250.2,0.1
916.0,172.4,0.1
7974.0,250.2,0.1
8135.0,250.6,0.1
6618.0,250.0,0.1
9176.0,249.8,0.1
5142.0,249.7,0.1
9215.0,250.0,0.1
1528.0,228.1,0.1
4436.0,250.0,0.1
9102.0,249.9,0.1
3573.0,249.7,0.1
3243.0,249.6,0.1
7563.0,250.0,0.1
1542.0,229.7,0.1
363.0,128.3,0.1
2327.0,248.0,0.1
7355.0,249.9,0.1
2273.0,248.5,0.1
797.0,163.2,0.1
5185.0,249.7,0.1
7482.0,249.7,0.1
5430.0,250.0,0.1
8902.0,250.3,0.1
4866.0,250.0,0.1
5809.0,249.9,0.1
3986.0,249.8,0.1
4290.0,250.0,0.1
62.0,115.3,0.1
9012.0,249.9,0.1
8452.0,250.3,0.1
4186.0,249.7,0.1
7647.0,250.0,0.1
3852.0,249.9,0.1
8082.0,250.3,0.1
120.0,115.8,0.1
8091.0,250.6,0.1
4282.0,250.0,0.1
8182.0,250.7,0.1
6716.0,250.0,0.1
7905.0,250.1,0.1
8772.0,250.1,0.1
8894.0,250.4,0.1
6432.0,249.8,0.1
7275.0,250.0,0.1
8304.0,250.3,0.1
3275.0,249.9,0.1
5742.0,249.8,0.1
2483.0,245.7,0.1
3990.0,249.8,0.1
5865.0,249.9,0.1
1635.0,242.0,0.1
5240.0,249.7,0.1
9199.0,249.9,0.1
1431.0,217.1,0.1
4073.0,249.8,0.1
2104.0,251.4,0.1
3778.0,250.1,0.1
907.0,171.9,0.1
2677.0,246.2,0.1
8720.0,250.2,0.1
6236.0,249.8,0.1
6437.0,249.7,0.1
5714.0,249.9,0.1
6026.0,250.1,0.1
633.0,151.2,0.1
8239.0,250.7,0.1
773.0,161.4,0.1
4442.0,249.9,0.1
6699.0,250.1,0.1
2481.0,245.7,0.1
6641.0,250.1,0.1
7561.0,250.0,0.1
7394.0,249.5,0.1
6157.0,250.2,0.1
6966.0,249.7,0.1
7490.0,249.9,0.1
4205.0,249.9,0.1
1801.0,252.8,0.1
1335.0,207.3,0.1
2062.0,251.9,0.1
7612.0,250.0,0.1
858.0,168.2,0.1
3832.0,249.9,0.1
3212.0,249.8,0.1
7727.0,250.0,0.1
348.0,127.1,0.1
2462.0,245.6,0.1
5143.0,249.7,0.1
5643.0,250.1,0.1
8653.0,250.4,0.1
9184.0,249.9,0.1
7411.0,249.5,0.1
5362.0,250.0,0.1
8054.0,250.1,0.1
7188.0,249.5,0.1
124.0,115.9,0.1
9225.0,250.0,0.1
8367.0,250.0,0.1
2329.0,248.0,0.1
2348.0,247.5,0.1
6034.0,250.1,0.1
1799.0,252.8,0.1
912.0,172.1,0.1
2859.0,248.1,0.1
8251.0,250.6,0.1
8386.0,250.1,0.1
4326.0,249.9,0.1
4950.0,250.1,0.1
1952.0,253.5,0.1
7616.0,250.0,0.1
5959.0,250.2,0.1
4249.0,249.9,0.1
3289.0,249.8,0.1
2872.0,248.2,0.1
5807.0,249.9,0.1
590.0,148.3,0.1
4541.0,249.9,0.1
3961.0,249.8,0.1
7013.0,249.6,0.1
3964.0,249.8,0.1
878.0,169.8,0.1
5786.0,249.9,0.1
3409.0,249.8,0.1
6319.0,249.8,0.1
2186.0,250.6,0.1
5661.0,249.9,0.1
8123.0,250.4,0.1
7486.0,249.8,0.1
5587.0,249.9,0.1
4414.0,250.1,0.1
9030.0,249.8,0.1
2301.0,248.6,0.1
1456.0,220.0,0.1
7757.0,250.0,0.1
7530.0,249.8,0.1
7622.0,250.0,0.1
4352.0,250.0,0.1
6805.0,250.1,0.1
1933.0,253.6,0.1
3163.0,249.7,0.1
1228.0,196.8,0.1
4879.0,250.1,0.1
8316.0,250.3,0.1
1092.0,186.3,0.1
6670.0,250.0,0.1
1879.0,253.8,0.1
4845.0,250.0,0.1
8240.0,250.7,0.1
4544.0,249.9,0.1
161.0,117.4,0.1
8783.0,250.2,0.1
2436.0,245.8,0.1
1978.0,253.4,0.1
602.0,148.8,0.1
614.0,149.7,0.1
2445.0,245.7,0.1
6838.0,250.0,0.1
1711.0,249.3,0.1
1205.0,195.0,0.1
5350.0,249.9,0.1
7296.0,250.0,0.1
3082.0,249.3,0.1
913.0,172.1,0.1
6656.0,250.0,0.1
5698.0,249.9,0.1
490.0,140.2,0.1
2533.0,245.4,0.1
2731.0,247.0,0.1
1853.0,253.7,0.1
4990.0,250.0,0.1
2391.0,246.7,0.1
5982.0,250.2,0.1
3071.0,249.1,0.1
2424.0,246.1,0.1
5348.0,250.0,0.1
4548.0,249.9,0.1
7971.0,250.2,0.1
7865.0,249.6,0.1
777.0,161.7,0.1
6825.0,250.0,0.1
3399.0,249.8,0.1
6158.0,250.2,0.1
1802.0,252.9,0.1
6370.0,249.9,0.1
7478.0,249.7,0.1
6924.0,250.2,0.1
7870.0,249.9,0.1
2065.0,251.9,0.1
4943.0,250.1,0.1
4545.0,249.9,0.1
746.0,159.2,0.1
8497.0,250.3,0.1
8542.0,250.2,0.1
115.0,115.8,0.1
7240.0,249.9,0.1
589.0,148.2,0.1
104.0,115.6,0.1
4483.0,249.9,0.1
8166.0,250.4,0.1
6717.0,250.0,0.1
2337.0,247.8,0.1
3781.0,250.1,0.1
3577.0,249.8,0.1
4887.0,250.0,0.1
6746.0,250.1,0.1
1471.0,221.7,0.1
6560.0,249.9,0.1
4285.0,250.0,0.1
5730.0,249.8,0.1
7707.0,250.2,0.1
1171.0,192.4,0.1
7184.0,249.5,0.1
60.0,115.3,0.1
5110.0,249.8,0.1
4184.0,249.7,0.1
2910.0,248.5,0.1
8295.0,250.4,0.1
1385.0,212.1,0.1
4013.0,249.8,0.1
1761.0,251.8,0.1
9149.0,249.9,0.1
4010.0,249.8,0.1
933.0,173.8,0.1
2071.0,252.0,0.1
3148.0,249.5,0.1
7138.0,249.6,0.1
2264.0,248.7,0.1
7812.0,249.3,0.1
3889.0,249.9,0.1
2563.0,245.2,0.1
5546.0,249.9,0.1
5677.0,249.9,0.1
3225.0,249.9,0.1
2805.0,247.7,0.1
4065.0,249.8,0.1
6110.0,250.1,0.1
4136.0,249.6,0.1
5564.0,249.9,0.1
4742.0,250.0,0.1
1245.0,198.4,0.1
530.0,143.7,0.1
4515.0,250.0,0.1
1327.0,206.6,0.1
4794.0,250.1,0.1
8291.0,250.5,0.1
1067.0,184.4,0.1
7469.0,249.8,0.1
298.0,123.9,0.1
8143.0,250.5,0.1
1759.0,251.7,0.1
1419.0,215.7,0.1
8893.0,250.4,0.1
3489.0,249.8,0.1
8583.0,249.8,0.1
1881.0,253.8,0.1
3172.0,249.7,0.1
3277.0,249.9,0.1
5956.0,250.2,0.1
1107.0,187.6,0.1
1119.0,188.4,0.1
5601.0,250.0,0.1
4702.0,250.1,0.1
5073.0,249.8,0.1
4805.0,250.1,0.1
421.0,132.7,0.1
32.0,115.2,0.1
3808.0,249.9,0.1
2425.0,246.1,0.1
4187.0,249.7,0.1
2986.0,248.7,0.1
4251.0,249.9,0.1
1196.0,194.4,0.1
7134.0,249.6,0.1
7801.0,249.3,0.1
8759.0,250.3,0.1
6083.0,250.1,0.1
4313.0,250.0,0.1
6228.0,249.8,0.1
1968.0,253.5,0.1
6495.0,249.8,0.1
5136.0,249.8,0.1
371.0,128.8,0.1
4385.0,250.0,0.1
4864.0,250.1,0.1
8700.0,250.2,0.1
55.0,115.3,0.1
3140.0,249.5,0.1
6331.0,249.9,0.1
443.0,135.7,0.1
3854.0,249.9,0.1
8273.0,250.4,0.1
7253.0,249.9,0.1
3068.0,249.1,0.1
361.0,128.1,0.1
4472.0,250.0,0.1
4121.0,249.7,0.1
4910.0,250.0,0.1
7933.0,249.4,0.1
807.0,164.1,0.1
2194.0,250.3,0.1
7331.0,249.9,0.1
5744.0,249.8,0.1
7899.0,250.0,0.1
1607.0,238.2,0.1
5388.0,250.0,0.1
4770.0,250.1,0.1
3452.0,249.8,0.1
6492.0,249.8,0.1
8608.0,250.4,0.1
8064.0,250.1,0.1
6452.0,249.8,0.1
8330.0,250.3,0.1
7661.0,250.0,0.1
1577.0,234.1,0.1
5923.0,250.1,0.1
3139.0,249.5,0.1
619.0,150.1,0.1
8631.0,250.4,0.1
2166.0,250.8,0.1
2176.0,250.8,0.1
8593.0,250.1,0.1
6876.0,250.1,0.1
5037.0,250.0,0.1
5399.0,250.0,0.1
7365.0,249.7,0.1
5776.0,250.0,0.1
6087.0,250.1,0.1
6990.0,249.6,0.1
7376.0,249.6,0.1
4000.0,249.8,0.1
1658.0,244.7,0.1
9182.0,249.9,0.1
7755.0,249.9,0.1
3598.0,250.0,0.1
1364.0,209.9,0.1
1249.0,198.8,0.1
9169.0,249.8,0.1
8347.0,250.3,0.1
6460.0,249.8,0.1
741.0,158.9,0.1
4579.0,249.9,0.1
8595.0,250.1,0.1
4607.0,250.0,0.1
7473.0,249.9,0.1
6937.0,250.0,0.1
3531.0,249.9,0.1
8201.0,250.4,0.1
1591.0,236.1,0.1
6823.0,250.0,0.1
7825.0,249.3,0.1
2906.0,248.5,0.1
9071.0,249.9,0.1
5741.0,249.8,0.1
9195.0,249.9,0.1
7670.0,250.0,0.1
4243.0,249.9,0.1
4733.0,250.1,0.1
5558.0,249.8,0.1
5542.0,249.9,0.1
4084.0,249.8,0.1
3805.0,249.9,0.1
4613.0,249.9,0.1
3665.0,250.4,0.1
7614.0,250.0,0.1
3932.0,249.9,0.1
1487.0,223.5,0.1
1602.0,237.6,0.1
2953.0,248.7,0.1
3676.0,250.4,0.1
2198.0,250.3,0.1
8395.0,250.1,0.1
288.0,123.4,0.1
8169.0,250.5,0.1
8243.0,250.6,0.1
8421.0,250.5,0.1
622.0,150.3,0.1
7743.0,250.0,0.1
4200.0,249.8,0.1
4793.0,250.1,0.1
2873.0,248.2,0.1
5437.0,250.0,0.1
7316.0,250.0,0.1
834.0,166.3,0.1
7348.0,249.8,0.1
2172.0,250.8,0.1
3790.0,250.1,0.1
796.0,163.1,0.1
6888.0,250.0,0.1
5330.0,249.9,0.1
754.0,159.7,0.1
9178.0,249.8,0.1
2736.0,247.0,0.1
141.0,116.5,0.1
1473.0,221.9,0.1
8594.0,250.1,0.1
888.0,170.5,0.1
6758.0,250.0,0.1
7030.0,249.6,0.1
4267.0,250.0,0.1
2089.0,252.0,0.1
1937.0,253.6,0.1
1382.0,211.8,0.1
2926.0,248.6,0.1
2800.0,247.7,0.1
3241.0,249.6,0.1
2009.0,253.1,0.1
6252.0,249.7,0.1
2350.0,247.4,0.1
8750.0,250.3,0.1
6957.0,249.9,0.1
4628.0,250.0,0.1
347.0,127.0,0.1
7225.0,249.7,0.1
1132.0,189.2,0.1
4705.0,250.1,0.1
5131.0,249.8,0.1
7618.0,250.0,0.1
4766.0,250.1,0.1
206.0,119.2,0.1
344.0,126.9,0.1
6683.0,250.0,0.1
2077.0,252.1,0.1
6380.0,250.0,0.1
7766.0,249.9,0.1
5494.0,249.9,0.1
8012.0,250.0,0.1
5577.0,249.9,0.1
2701.0,246.5,0.1
8821.0,250.0,0.1
4585.0,249.9,0.1
900.0,171.5,0.1
7660.0,250.0,0.1
815.0,164.8,0.1
2063.0,251.9,0.1
5765.0,250.0,0.1
4935.0,250.0,0.1
3216.0,249.8,0.1
7856.0,249.5,0.1
6461.0,249.8,0.1
6365.0,250.0,0.1
7911.0,249.9,0.1
8959.0,250.1,0.1
56.0,115.3,0.1
8564.0,249.8,0.1
5510.0,249.9,0.1
6857.0,250.2,0.1
7088.0,249.9,0.1
8788.0,250.1,0.1
2942.0,248.8,0.1
8665.0,250.2,0.1
8174.0,250.5,0.1
8107.0,250.5,0.1
6079.0,250.1,0.1
8529.0,250.3,0.1
260.0,121.9,0.1
953.0,175.2,0.1
6713.0,250.0,0.1
2109.0,251.3,0.1
4400.0,250.0,0.1
4647.0,250.0,0.1
8721.0,250.2,0.1
8027.0,250.0,0.1
4433.0,250.1,0.1
7712.0,250.1,0.1
892.0,170.7,0.1
9191.0,249.9,0.1
7465.0,249.8,0.1
5670.0,249.9,0.1
4284.0,250.0,0.1
5851.0,249.9,0.1
8396.0,250.1,0.1
3012.0,249.0,0.1
4207.0,249.9,0.1
5228.0,249.7,0.1
558.0,146.1,0.1
8903.0,250.3,0.1
306.0,124.5,0.1
4183.0,249.7,0.1
6042.0,250.1,0.1
5106.0,249.8,0.1
5662.0,249.9,0.1
2530.0,245.4,0.1
2809.0,247.6,0.1
7957.0,249.9,0.1
8350.0,250.3,0.1
759.0,160.2,0.1
8820.0,250.1,0.1
8565.0,249.8,0.1
3332.0,249.9,0.1
8630.0,250.4,0.1
8816.0,250.1,0.1
3730.0,250.2,0.1
6722.0,250.0,0.1
1350.0,208.5,0.1
2560.0,245.3,0.1
61.0,115.3,0.1
2846.0,247.9,0.1
1357.0,209.2,0.1
2280.0,248.4,0.1
6513.0,249.9,0.1
9181.0,249.8,0.1
2758.0,247.2,0.1
8173.0,250.6,0.1
5439.0,249.9,0.1
7233.0,249.9,0.1
8717.0,250.2,0.1
2713.0,246.8,0.1
8754.0,250.3,0.1
7127.0,249.6,0.1
1766.0,252.2,0.1
3174.0,249.7,0.1
10.0,114.9,0.1
1237.0,197.6,0.1
8992.0,249.9,0.1
5756.0,249.9,0.1
7603.0,250.1,0.1
8850.0,250.0,0.1
6518.0,249.8,0.1
1621.0,240.2,0.1
6289.0,249.7,0.1
6997.0,249.5,0.1
7628.0,250.0,0.1
8105.0,250.5,0.1
1343.0,207.9,0.1
4734.0,250.1,0.1
471.0,138.6,0.1
4457.0,249.9,0.1
3396.0,249.7,0.1
3884.0,249.9,0.1
5755.0,249.9,0.1
3553.0,249.8,0.1
4388.0,250.0,0.1
6653.0,250.0,0.1
4185.0,249.7,0.1
5014.0,250.1,0.1
2896.0,248.5,0.1
357.0,127.8,0.1
779.0,161.8,0.1
2342.0,247.6,0.1
5402.0,250.0,0.1
3023.0,249.1,0.1
3042.0,249.0,0.1
6587.0,249.8,0.1
3965.0,249.8,0.1
5320.0,249.8,0.1
6401.0,249.9,0.1
7334.0,250.0,0.1
7934.0,249.5,0.1
254.0,121.6,0.1
886.0,170.3,0.1
7533.0,249.8,0.1
1816.0,253.3,0.1
3526.0,249.8,0.1
2653.0,245.9,0.1
4018.0,249.7,0.1
1787.0,252.6,0.1
1177.0,192.9,0.1
456.0,137.2,0.1
4049.0,249.9,0.1
1622.0,240.4,0.1
3637.0,250.2,0.1
2977.0,248.8,0.1
5068.0,249.9,0.1
214.0,119.4,0.1
8886.0,250.4,0.1
8124.0,250.4,0.1
2599.0,245.3,0.1
2596.0,245.3,0.1
1906.0,253.7,0.1
3687.0,250.4,0.1
8068.0,250.1,0.1
6743.0,250.1,0.1
6438.0,249.7,0.1
345.0,126.9,0.1
5165.0,249.8,0.1
1970.0,253.4,0.1
7916.0,249.8,0.1
2207.0,250.2,0.1
4348.0,250.0,0.1
6634.0,250.1,0.1
2711.0,246.7,0.1
176.0,117.8,0.1
8473.0,250.3,0.1
1256.0,199.5,0.1
4936.0,250.0,0.1
6043.0,250.1,0.1
8704.0,250.3,0.1
1246.0,198.5,0.1
1910.0,253.7,0.1
3238.0,249.8,0.1
4729.0,250.1,0.1
6168.0,250.1,0.1
5250.0,249.7,0.1
8970.0,250.2,0.1
5935.0,250.1,0.1
2210.0,250.1,0.1
4090.0,249.8,0.1
2347.0,247.5,0.1
8887.0,250.4,0.1
5285.0,249.8,0.1
7166.0,249.6,0.1
152.0,116.9,0.1
684.0,154.6,0.1
8744.0,250.3,0.1
8610.0,250.4,0.1
3658.0,250.4,0.1
2224.0,249.9,0.1
4241.0,249.9,0.1
8448.0,250.3,0.1
671.0,153.7,0.1
6364.0,250.0,0.1
5268.0,249.8,0.1
5204.0,249.7,0.1
7408.0,249.5,0.1
5447.0,249.8,0.1
6564.0,249.9,0.1
4501.0,250.0,0.1
7125.0,249.6,0.1
5791.0,249.9,0.1
6569.0,249.9,0.1
3793.0,250.1,0.1
4692.0,250.0,0.1
4574.0,249.9,0.1
341.0,126.6,0.1
4661.0,250.0,0.1
4180.0,249.7,0.1
1440.0,218.2,0.1
5854.0,249.9,0.1
2504.0,245.4,0.1
2526.0,245.4,0.1
9142.0,249.8,0.1
7098.0,249.8,0.1
464.0,137.8,0.1
4543.0,249.9,0.1
6194.0,250.0,0.1
1685.0,247.4,0.1
5207.0,249.8,0.1
3377.0,249.9,0.1
1676.0,246.5,0.1
5985.0,250.2,0.1
5475.0,249.8,0.1
1624.0,240.6,0.1
4146.0,249.6,0.1
8924.0,250.4,0.1
2281.0,248.4,0.1
203.0,119.1,0.1
5829.0,250.0,0.1
7994.0,249.8,0.1
5186.0,249.7,0.1
3428.0,249.9,0.1
3857.0,249.9,0.1
5891.0,250.0,0.1
6793.0,250.0,0.1
5790.0,249.9,0.1
3575.0,249.8,0.1
8532.0,250.3,0.1
8672.0,250.2,0.1
7073.0,249.8,0.1
6557.0,249.9,0.1
3080.0,249.2,0.1
2168.0,250.8,0.1
941.0,174.3,0.1
7370.0,249.6,0.1
3809.0,249.9,0.1
1828.0,253.5,0.1
5518.0,249.9,0.1
5656.0,250.0,0.1
7321.0,250.0,0.1
1218.0,196.1,0.1
2097.0,251.6,0.1
1652.0,244.1,0.1
4855.0,250.0,0.1
2738.0,247.0,0.1
491.0,140.3,0.1
7983.0,249.9,0.1
6400.0,249.9,0.1
6571.0,249.9,0.1
6715.0,250.0,0.1
6098.0,250.1,0.1
6061.0,250.1,0.1
4489.0,249.9,0.1
7986.0,249.8,0.1
105.0,115.6,0.1
6153.0,250.2,0.1
972.0,176.7,0.1
1829.0,253.5,0.1
7077.0,249.8,0.1
4179.0,249.7,0.1
4368.0,250.1,0.1
5321.0,249.8,0.1
7035.0,249.6,0.1
4481.0,249.9,0.1
4578.0,249.9,0.1
5071.0,249.8,0.1
5194.0,249.7,0.1
2658.0,246.0,0.1
8075.0,250.2,0.1
3222.0,249.9,0.1
2030.0,252.9,0.1
6578.0,249.9,0.1
9020.0,249.9,0.1
596.0,148.5,0.1
8550.0,249.8,0.1
8377.0,250.0,0.1
5886.0,250.1,0.1
5138.0,249.7,0.1
4191.0,249.7,0.1
3677.0,250.4,0.1
1030.0,181.3,0.1
6320.0,249.8,0.1
6388.0,250.0,0.1
2834.0,247.8,0.1
4383.0,250.0,0.1
9166.0,249.8,0.1
8048.0,250.1,0.1
2458.0,245.6,0.1
6332.0,250.0,0.1
5926.0,250.1,0.1
690.0,155.1,0.1
4847.0,250.0,0.1
2742.0,247.1,0.1
3594.0,250.0,0.1
4384.0,250.0,0.1
3322.0,250.0,0.1
3810.0,249.9,0.1
526.0,143.3,0.1
5718.0,249.8,0.1
5706.0,249.9,0.1
5801.0,249.9,0.1
373.0,128.9,0.1
2283.0,248.3,0.1
6246.0,249.7,0.1
3812.0,249.9,0.1
6295.0,249.9,0.1
692.0,155.2,0.1
5400.0,250.0,0.1
3485.0,249.8,0.1
2494.0,245.5,0.1
5669.0,249.9,0.1
3111.0,249.2,0.1
5145.0,249.7,0.1
557.0,146.0,0.1
4176.0,249.7,0.1
6780.0,250.1,0.1
3182.0,249.7,0.1
1629.0,241.1,0.1
5869.0,250.0,0.1
616.0,149.9,0.1
5111.0,249.8,0.1
7644.0,250.0,0.1
8774.0,250.2,0.1
7874.0,249.9,0.1
6121.0,250.1,0.1
1293.0,203.0,0.1
3138.0,249.5,0.1
3773.0,250.0,0.1
1181.0,193.1,0.1
1700.0,248.7,0.1
8343.0,250.2,0.1
5211.0,249.8,0.1
4811.0,250.0,0.1
7140.0,249.6,0.1
8711.0,250.3,0.1
3118.0,249.3,0.1
638.0,151.6,0.1
294.0,123.6,0.1
5308.0,249.9,0.1
4644.0,250.0,0.1
8961.0,250.1,0.1
1229.0,196.9,0.1
3040.0,249.0,0.1
2744.0,247.1,0.1
7148.0,249.7,0.1
9031.0,249.8,0.1
8617.0,250.4,0.1
3177.0,249.7,0.1
3492.0,249.8,0.1
8670.0,250.2,0.1
2428.0,246.0,0.1
7897.0,250.0,0.1
2666.0,246.1,0.1
7749.0,249.9,0.1
4687.0,250.0,0.1
4840.0,250.0,0.1
6872.0,250.1,0.1
5496.0,249.8,0.1
3914.0,250.1,0.1
5481.0,249.8,0.1
7178.0,249.5,0.1
8385.0,250.1,0.1
7952.0,249.9,0.1
3221.0,249.9,0.1
2183.0,250.7,0.1
3070.0,249.1,0.1
3552.0,249.8,0.1
3479.0,249.9,0.1
3716.0,250.2,0.1
1534.0,228.8,0.1
9180.0,249.8,0.1
7572.0,250.2,0.1
1367.0,210.2,0.1
356.0,127.8,0.1
243.0,121.2,0.1
1929.0,253.6,0.1
8128.0,250.6,0.1
5852.0,249.9,0.1
8322.0,250.3,0.1
6814.0,250.1,0.1
2188.0,250.5,0.1
6009.0,250.1,0.1
7307.0,250.0,0.1
8478.0,250.3,0.1
4873.0,250.0,0.1
3306.0,250.0,0.1
6770.0,250.0,0.1
8738.0,250.3,0.1
566.0,146.6,0.1
36.0,115.2,0.1
5901.0,250.0,0.1
351.0,127.4,0.1
569.0,146.8,0.1
6468.0,249.9,0.1
7814.0,249.3,0.1
2695.0,246.4,0.1
4287.0,250.0,0.1
4824.0,250.0,0.1
1656.0,244.5,0.1
3695.0,250.3,0.1
6003.0,250.2,0.1
5882.0,250.1,0.1
5259.0,249.8,0.1
1867.0,253.8,0.1
9018.0,249.9,0.1
97.0,115.4,0.1
1581.0,234.6,0.1
5395.0,250.0,0.1
5819.0,250.0,0.1
7298.0,250.0,0.1
3717.0,250.2,0.1
7651.0,250.0,0.1
1692.0,248.1,0.1
4841.0,250.0,0.1
3251.0,249.6,0.1
1567.0,233.1,0.1
508.0,141.8,0.1
8039.0,250.1,0.1
1493.0,224.1,0.1
5678.0,249.9,0.1
2426.0,246.0,0.1
4222.0,249.8,0.1
7343.0,249.7,0.1
1668.0,245.7,0.1
5611.0,250.0,0.1
3601.0,250.0,0.1
3580.0,249.9,0.1
3508.0,249.9,0.1
4798.0,250.1,0.1
7746.0,249.9,0.1
8088.0,250.5,0.1
4948.0,250.1,0.1
7293.0,250.0,0.1
1610.0,238.6,0.1
4089.0,249.8,0.1
4375.0,250.0,0.1
2446.0,245.7,0.1
8540.0,250.3,0.1
2139.0,250.8,0.1
1884.0,253.9,0.1
2637.0,245.8,0.1
1410.0,214.8,0.1
5623.0,250.0,0.1
1914.0,253.7,0.1
5509.0,249.9,0.1
2622.0,245.7,0.1
499.0,141.0,0.1
918.0,172.5,0.1
3760.0,250.1,0.1
7054.0,249.8,0.1
6180.0,250.1,0.1
407.0,131.6,0.1
6085.0,250.1,0.1
4786.0,250.1,0.1
1713.0,249.4,0.1
5134.0,249.8,0.1
7121.0,249.6,0.1
2557.0,245.3,0.1
6819.0,250.1,0.1
2377.0,246.9,0.1
4044.0,249.8,0.1
6152.0,250.2,0.1
515.0,142.4,0.1
2957.0,248.7,0.1
6392.0,249.9,0.1
5429.0,250.0,0.1
1754.0,251.6,0.1
1478.0,222.5,0.1
4484.0,249.9,0.1
1448.0,219.2,0.1
7426.0,249.4,0.1
4521.0,250.0,0.1
7107.0,249.7,0.1
8522.0,250.1,0.1
8574.0,249.8,0.1
780.0,161.9,0.1
3220.0,249.8,0.1
8432.0,250.5,0.1
978.0,177.1,0.1
6117.0,250.1,0.1
3257.0,249.7,0.1
5570.0,249.9,0.1
1435.0,217.5,0.1
6850.0,250.2,0.1
5594.0,250.0,0.1
3956.0,249.8,0.1
5103.0,249.8,0.1
7951.0,249.9,0.1
189.0,118.4,0.1
5728.0,249.8,0.1
7656.0,250.0,0.1
6101.0,250.1,0.1
4599.0,249.9,0.1
8642.0,250.3,0.1
4706.0,250.1,0.1
2565.0,245.2,0.1
2496.0,245.4,0.1
7893.0,250.0,0.1
8044.0,250.1,0.1
5907.0,250.1,0.1
3123.0,249.4,0.1
1976.0,253.4,0.1
1102.0,187.2,0.1
2613.0,245.7,0.1
8034.0,250.1,0.1
4549.0,249.9,0.1
1495.0,224.3,0.1
3197.0,249.8,0.1
5312.0,249.9,0.1
2586.0,245.3,0.1
3476.0,249.9,0.1
7793.0,249.4,0.1
2647.0,245.9,0.1
7795.0,249.3,0.1
8592.0,250.1,0.1
2047.0,252.5,0.1
2066.0,251.9,0.1
6282.0,249.7,0.1
8490.0,250.2,0.1
3732.0,250.2,0.1
4147.0,249.6,0.1
7158.0,249.7,0.1
2392.0,246.6,0.1
4423.0,250.1,0.1
2148.0,250.8,0.1
5721.0,249.8,0.1
4346.0,250.0,0.1
2381.0,246.8,0.1
4522.0,250.0,0.1
3806.0,249.9,0.1
26.0,115.1,0.1
2208.0,250.1,0.1
1308.0,204.8,0.1
5658.0,249.9,0.1
4081.0,249.7,0.1
6542.0,249.7,0.1
6222.0,249.8,0.1
2567.0,245.1,0.1
2564.0,245.2,0.1
5168.0,249.8,0.1
2735.0,247.0,0.1
5763.0,249.9,0.1
5576.0,249.9,0.1
2217.0,250.0,0.1
1069.0,184.6,0.1
4068.0,249.8,0.1
2546.0,245.3,0.1
5719.0,249.8,0.1
8309.0,250.2,0.1
2777.0,247.5,0.1
5003.0,250.0,0.1
2455.0,245.6,0.1
5406.0,249.9,0.1
4738.0,250.0,0.1
7544.0,250.0,0.1
273.0,122.7,0.1
70.0,115.3,0.1
2073.0,252.1,0.1
6097.0,250.1,0.1
3917.0,250.1,0.1
1556.0,231.9,0.1
6433.0,249.8,0.1
6516.0,249.9,0.1
9057.0,249.7,0.1
581.0,147.7,0.1
5525.0,249.9,0.1
3846.0,249.9,0.1
82.0,115.3,0.1
1640.0,242.5,0.1
8851.0,250.0,0.1
3300.0,249.9,0.1
8156.0,250.3,0.1
2259.0,248.9,0.1
4060.0,249.8,0.1
1844.0,253.7,0.1
7515.0,250.0,0.1
155.0,117.0,0.1
1872.0,253.9,0.1
7285.0,250.0,0.1
3160.0,249.7,0.1
2991.0,248.8,0.1
6974.0,249.5,0.1
5671.0,249.9,0.1
387.0,129.9,0.1
5339.0,249.9,0.1
8305.0,250.2,0.1
3029.0,249.1,0.1
4698.0,250.1,0.1
339.0,126.5,0.1
5197.0,249.7,0.1
7724.0,250.0,0.1
4166.0,249.8,0.1
7620.0,250.0,0.1
2414.0,246.2,0.1
660.0,153.0,0.1
6288.0,249.7,0.1
1099.0,186.9,0.1
7406.0,249.5,0.1
4700.0,250.1,0.1
7222.0,249.7,0.1
1316.0,205.5,0.1
7510.0,249.9,0.1
3581.0,250.0,0.1
7666.0,250.0,0.1
2015.0,253.0,0.1
8111.0,250.5,0.1
2334.0,247.9,0.1
7784.0,249.7,0.1
5089.0,249.8,0.1
2012.0,253.1,0.1
7151.0,249.6,0.1
3900.0,250.0,0.1
3646.0,250.2,0.1
3741.0,250.2,0.1
7698.0,250.1,0.1
8247.0,250.6,0.1
431.0,134.1,0.1
1733.0,250.6,0.1
4588.0,249.9,0.1
7826.0,249.3,0.1
6421.0,249.9,0.1
6116.0,250.1,0.1
3267.0,249.8,0.1
1855.0,253.7,0.1
170.0,117.7,0.1
5994.0,250.1,0.1
4075.0,249.8,0.1
7201.0,249.6,0.1
1683.0,247.2,0.1
1526.0,227.9,0.1
6631.0,250.1,0.1
7775.0,249.7,0.1
1439.0,218.0,0.1
3236.0,249.8,0.1
1944.0,253.5,0.1
1065.0,184.2,0.1
4069.0,249.8,0.1
1647.0,243.4,0.1
188.0,118.4,0.1
1923.0,253.7,0.1
8179.0,250.6,0.1
6305.0,249.8,0.1
687.0,154.8,0.1
7106.0,249.7,0.1
2766.0,247.3,0.1
8645.0,250.3,0.1
5942.0,250.1,0.1
5162.0,249.8,0.1
7525.0,249.9,0.1
452.0,136.8,0.1
6714.0,250.0,0.1
3752.0,250.2,0.1
4657.0,250.0,0.1
7454.0,249.7,0.1
7922.0,249.6,0.1
5625.0,250.0,0.1
8526.0,250.3,0.1
7851.0,249.5,0.1
5964.0,250.1,0.1
1751.0,251.5,0.1
4486.0,249.9,0.1
3055.0,249.0,0.1
2626.0,245.7,0.1
5441.0,249.9,0.1
8876.0,250.4,0.1
5514.0,249.9,0.1
3059.0,249.0,0.1
5753.0,249.9,0.1
20.0,115.0,0.1
792.0,162.8,0.1
8076.0,250.2,0.1
1202.0,194.8,0.1
3903.0,250.0,0.1
6122.0,250.1,0.1
8065.0,250.1,0.1
804.0,163.8,0.1
1613.0,239.1,0.1
2316.0,248.3,0.1
5091.0,249.8,0.1
5295.0,249.9,0.1
5277.0,249.8,0.1
4315.0,250.0,0.1
6969.0,249.6,0.1
1371.0,210.6,0.1
3867.0,249.9,0.1
817.0,164.9,0.1
7214.0,249.6,0.1
282.0,123.0,0.1
6989.0,249.6,0.1
458.0,137.3,0.1
3320.0,250.0,0.1
4566.0,249.9,0.1
7324.0,249.9,0.1
4968.0,250.1,0.1
7575.0,250.2,0.1
7692.0,250.0,0.1
2195.0,250.3,0.1
2804.0,247.7,0.1
2091.0,251.9,0.1
4708.0,250.1,0.1
8109.0,250.5,0.1
986.0,177.7,0.1
7852.0,249.5,0.1
7149.0,249.7,0.1
6975.0,249.6,0.1
4391.0,250.0,0.1
4645.0,250.0,0.1
847.0,167.5,0.1
2237.0,249.6,0.1
1007.0,179.5,0.1
2402.0,246.4,0.1
1288.0,202.5,0.1
1633.0,241.7,0.1
2140.0,250.8,0.1
5033.0,250.0,0.1
4477.0,249.9,0.1
2341.0,247.6,0.1
6869.0,250.1,0.1
7436.0,249.5,0.1
7493.0,249.9,0.1
981.0,177.3,0.1
1379.0,211.5,0.1
4961.0,250.1,0.1
575.0,147.3,0.1
8393.0,250.1,0.1
6864.0,250.1,0.1
2343.0,247.6,0.1
3634.0,250.2,0.1
482.0,139.7,0.1
1403.0,214.1,0.1
670.0,153.6,0.1
4409.0,250.0,0.1
1384.0,212.0,0.1
6239.0,249.8,0.1
1255.0,199.4,0.1
8905.0,250.3,0.1
6960.0,249.8,0.1
7935.0,249.5,0.1
8060.0,250.1,0.1
44.0,115.2,0.1
2990.0,248.8,0.1
1276.0,201.3,0.1
4004.0,249.8,0.1
8193.0,250.4,0.1
3955.0,249.9,0.1
579.0,147.6,0.1
4730.0,250.1,0.1
3453.0,249.8,0.1
6372.0,249.9,0.1
2448.0,245.7,0.1
2801.0,247.7,0.1
9060.0,249.7,0.1
8646.0,250.3,0.1
4163.0,249.8,0.1
3983.0,249.7,0.1
208.0,119.2,0.1
3890.0,249.9,0.1
5692.0,249.8,0.1
2683.0,246.2,0.1
9227.0,250.0,0.1
5702.0,249.9,0.1
9063.0,249.7,0.1
2968.0,248.8,0.1
1174.0,192.7,0.1
8566.0,249.8,0.1
2783.0,247.5,0.1
2277.0,248.5,0.1
5937.0,250.1,0.1
1457.0,220.1,0.1
1955.0,253.6,0.1
2336.0,247.8,0.1
5566.0,249.9,0.1
7560.0,250.0,0.1
4051.0,249.9,0.1
4016.0,249.8,0.1
4877.0,250.1,0.1
5640.0,250.1,0.1
153.0,117.0,0.1
5595.0,250.0,0.1
8879.0,250.4,0.1
7504.0,249.9,0.1
6204.0,250.0,0.1
1037.0,181.9,0.1
3697.0,250.3,0.1
6554.0,249.9,0.1
154.0,117.0,0.1
3030.0,249.1,0.1
7292.0,250.0,0.1
4849.0,250.1,0.1
148.0,116.8,0.1
5557.0,249.8,0.1
3643.0,250.2,0.1
8818.0,250.1,0.1
6891.0,250.0,0.1
8666.0,250.2,0.1
8501.0,250.3,0.1
2003.0,253.2,0.1
688.0,154.9,0.1
4257.0,249.9,0.1
2845.0,247.9,0.1
3018.0,249.0,0.1
4531.0,249.9,0.1
2431.0,245.9,0.1
42.0,115.2,0.1
3749.0,250.2,0.1
4815.0,250.0,0.1
5946.0,250.1,0.1
4523.0,250.0,0.1
406.0,131.5,0.1
1993.0,253.3,0.1
1258.0,199.7,0.1
4814.0,250.0,0.1
7066.0,249.8,0.1
4246.0,249.9,0.1
6229.0,249.8,0.1
6529.0,249.7,0.1
1738.0,250.7,0.1
3459.0,249.8,0.1
8823.0,250.0,0.1
5543.0,249.9,0.1
8910.0,250.4,0.1
182.0,118.1,0.1
8366.0,250.0,0.1
5122.0,249.8,0.1
198.0,118.8,0.1
8168.0,250.4,0.1
3487.0,249.8,0.1
8806.0,250.1,0.1
1375.0,211.1,0.1
1834.0,253.6,0.1
7476.0,249.7,0.1
3260.0,249.7,0.1
869.0,169.1,0.1
7813.0,249.3,0.1
5084.0,249.8,0.1
9092.0,250.0,0.1
1956.0,253.6,0.1
3340.0,249.8,0.1
544.0,144.7,0.1
2937.0,248.8,0.1
6173.0,250.1,0.1
2136.0,250.8,0.1
7619.0,250.0,0.1
7283.0,250.0,0.1
5712.0,249.9,0.1
3636.0,250.2,0.1
5333.0,249.9,0.1
5970.0,250.0,0.1
1669.0,245.7,0.1
4621.0,250.0,0.1
2703.0,246.5,0.1
7524.0,249.9,0.1
1580.0,234.5,0.1
4539.0,249.9,0.1
2600.0,245.4,0.1
6193.0,250.0,0.1
1159.0,191.2,0.1
1507.0,225.7,0.1
2903.0,248.5,0.1
2238.0,249.6,0.1
301.0,124.2,0.1
3217.0,249.8,0.1
5761.0,249.9,0.1
45.0,115.2,0.1
6458.0,249.8,0.1
4568.0,249.9,0.1
2678.0,246.2,0.1
5007.0,250.1,0.1
5423.0,250.0,0.1
495.0,140.6,0.1
7625.0,250.0,0.1
5770.0,250.0,0.1
7332.0,250.0,0.1
6639.0,250.1,0.1
9082.0,250.1,0.1
2913.0,248.5,0.1
4233.0,249.8,0.1
3474.0,249.9,0.1
6809.0,250.1,0.1
3797.0,249.9,0.1
7509.0,249.9,0.1
439.0,135.2,0.1
8530.0,250.3,0.1
3299.0,249.9,0.1
958.0,175.7,0.1
3679.0,250.4,0.1
2435.0,245.8,0.1
8266.0,250.4,0.1
9044.0,249.8,0.1
7710.0,250.1,0.1
8222.0,250.8,0.1
2297.0,248.6,0.1
5313.0,249.9,0.1
268.0,122.3,0.1
7447.0,249.7,0.1
3414.0,249.8,0.1
1427.0,216.6,0.1
3758.0,250.1,0.1
6962.0,249.8,0.1
3311.0,249.9,0.1
4917.0,250.0,0.1
5710.0,249.9,0.1
9168.0,249.8,0.1
3574.0,249.7,0.1
4525.0,250.0,0.1
7061.0,249.8,0.1
1388.0,212.4,0.1
4830.0,250.0,0.1
3268.0,249.9,0.1
9208.0,249.9,0.1
1695.0,248.3,0.1
1412.0,215.0,0.1
1825.0,253.4,0.1
3380.0,249.9,0.1
3902.0,250.0,0.1
2750.0,247.1,0.1
3897.0,249.9,0.1
1639.0,242.4,0.1
1989.0,253.4,0.1
2644.0,245.9,0.1
8892.0,250.4,0.1
1971.0,253.4,0.1
4151.0,249.6,0.1
959.0,175.8,0.1
8632.0,250.4,0.1
6251.0,249.7,0.1
1845.0,253.7,0.1
372.0,128.8,0.1
8503.0,250.3,0.1
8554.0,249.8,0.1
6939.0,250.0,0.1
