Time (min);Temperature (°C);Stiring;Pressure (bar)
14:12:16;114,8;0,1;0,7
14:12:17;114,9;0,1;0,7
14:12:18;114,9;0,1;0,7
14:12:19;114,9;0,1;0,7
14:12:20;114,9;0,1;0,7
14:12:21;114,9;0,1;0,7
14:12:22;114,9;0,1;0,7
14:12:23;114,9;0,1;0,7
14:12:24;114,9;0,1;0,7
14:12:25;114,9;0,1;0,7
14:12:26;114,9;0,1;0,7
14:12:27;114,9;0,1;0,7
14:12:28;114,9;0,1;0,7
14:12:29;114,9;0,1;0,7
14:12:30;114,9;0,1;0,7
14:12:31;114,9;0,1;0,7
14:12:32;114,9;0,1;0,7
14:12:33;114,9;0,1;0,7
14:12:34;115;0,1;0,7
14:12:35;115;0,1;0,7
14:12:36;115;0,1;0,7
14:12:37;115;0,1;0,7
14:12:38;115;0,1;0,7
14:12:39;115;0,1;0,7
14:12:40;115,1;0,1;0,7
14:12:41;115,1;0,1;0,7
14:12:42;115,1;0,1;0,7
14:12:43;115,2;0,1;0,7
14:12:44;115,2;0,1;0,7
14:12:45;115,2;0,1;0,7
14:12:46;115,2;0,1;0,7
14:12:47;115,2;0,1;0,7
14:12:48;115,2;0,1;0,7
14:12:49;115,2;0,1;0,7
14:12:50;115,2;0,1;0,7
14:12:51;115,2;0,1;0,7
14:12:52;115,2;0,1;0,7
14:12:53;115,2;0,1;0,7
14:12:54;115,2;0,1;0,7
14:12:55;115,2;0,1;0,7
14:12:56;115,2;0,1;0,7
14:12:57;115,2;0,1;0,7
14:12:58;115,2;0,1;0,7
14:12:59;115,2;0,1;0,7
14:13;115,2;0,1;0,7
14:13;115,2;0,1;0,7
14:13;115,2;0,1;0,7
14:13;115,2;0,1;0,7
14:13;115,2;0,1;0,7
14:13;115,2;0,1;0,7
14:13;115,2;0,1;0,7
14:13;115,2;0,1;0,7
14:13;115,2;0,1;0,7
14:13;115,2;0,1;0,7
14:13:10;115,3;0,1;0,7
14:13:11;115,3;0,1;0,7
14:13:12;115,3;0,1;0,7
14:13:13;115,3;0,1;0,7
14:13:14;115,3;0,1;0,7
14:13:15;115,3;0,1;0,7
14:13:16;115,3;0,1;0,7
14:13:17;115,3;0,1;0,7
14:13:18;115,3;0,1;0,7
14:13:19;115,3;0,1;0,7
14:13:20;115,3;0,1;0,7
14:13:21;115,3;0,1;0,7
14:13:22;115,3;0,1;0,7
14:13:23;115,3;0,1;0,7
14:13:24;115,3;0,1;0,7
14:13:25;115,3;0,1;0,7
14:13:26;115,3;0,1;0,7
14:13:27;115,3;0,1;0,7
14:13:28;115,3;0,1;0,7
14:13:29;115,3;0,1;0,7
14:13:30;115,3;0,1;0,7
14:13:31;115,3;0,1;0,7
14:13:32;115,3;0,1;0,7
14:13:33;115,3;0,1;0,7
14:13:34;115,3;0,1;0,7
14:13:35;115,3;0,1;0,7
14:13:36;115,3;0,1;0,7
14:13:37;115,3;0,1;0,7
14:13:38;115,3;0,1;0,7
14:13:39;115,3;0,1;0,7
14:13:40;115,3;0,1;0,7
14:13:41;115,3;0,1;0,7
14:13:42;115,3;0,1;0,7
14:13:43;115,3;0,1;0,7
14:13:44;115,3;0,1;0,7
14:13:45;115,3;0,1;0,7
14:13:46;115,3;0,1;0,7
14:13:47;115,3;0,1;0,7
14:13:48;115,3;0,1;0,7
14:13:49;115,3;0,1;0,7
14:13:50;115,4;0,1;0,7
14:13:51;115,4;0,1;0,7
14:13:52;115,4;0,1;0,8
14:13:53;115,4;0,1;0,8
14:13:54;115,5;0,1;0,8
14:13:55;115,5;0,1;0,8
14:13:56;115,5;0,1;0,8
14:13:57;115,5;0,1;0,8
14:13:58;115,5;0,1;0,8
14:13:59;115,6;0,1;0,8
14:14;115,6;0,1;0,8
14:14;115,6;0,1;0,8
14:14;115,6;0,1;0,8
14:14;115,7;0,1;0,8
14:14;115,7;0,1;0,8
14:14;115,7;0,1;0,8
14:14;115,7;0,1;0,8
14:14;115,7;0,1;0,8
14:14;115,8;0,1;0,8
14:14;115,8;0,1;0,8
14:14:10;115,8;0,1;0,8
14:14:11;115,8;0,1;0,8
14:14:12;115,8;0,1;0,8
14:14:13;115,8;0,1;0,8
14:14:14;115,8;0,1;0,8
14:14:15;115,8;0,1;0,8
14:14:16;115,8;0,1;0,8
14:14:17;115,8;0,1;0,8
14:14:18;115,8;0,1;0,8
14:14:19;115,9;0,1;0,8
14:14:20;115,9;0,1;0,8
14:14:21;115,9;0,1;0,8
14:14:22;115,9;0,1;0,8
14:14:23;115,9;0,1;0,8
14:14:24;115,9;0,1;0,8
14:14:25;116;0,1;0,8
14:14:26;116;0,1;0,8
14:14:27;116,1;0,1;0,8
14:14:28;116,2;0,1;0,8
14:14:29;116,2;0,1;0,8
14:14:30;116,3;0,1;0,8
14:14:31;116,3;0,1;0,8
14:14:32;116,3;0,1;0,8
14:14:33;116,4;0,1;0,8
14:14:34;116,4;0,1;0,8
14:14:35;116,4;0,1;0,8
14:14:36;116,5;0,1;0,8
14:14:37;116,5;0,1;0,8
14:14:38;116,5;0,1;0,8
14:14:39;116,6;0,1;0,8
14:14:40;116,6;0,1;0,8
14:14:41;116,6;0,1;0,8
14:14:42;116,7;0,1;0,8
14:14:43;116,7;0,1;0,8
14:14:44;116,8;0,1;0,8
14:14:45;116,8;0,1;0,8
14:14:46;116,8;0,1;0,8
14:14:47;116,9;0,1;0,8
14:14:48;116,9;0,1;0,8
14:14:49;117;0,1;0,8
14:14:50;117;0,1;0,8
14:14:51;117;0,1;0,8
14:14:52;117,1;0,1;0,8
14:14:53;117,2;0,1;0,8
14:14:54;117,2;0,1;0,8
14:14:55;117,3;0,1;0,8
14:14:56;117,3;0,1;0,8
14:14:57;117,4;0,1;0,8
14:14:58;117,5;0,1;0,8
14:14:59;117,5;0,1;0,8
14:15;117,5;0,1;0,8
14:15;117,6;0,1;0,8
14:15;117,6;0,1;0,8
14:15;117,6;0,1;0,8
14:15;117,6;0,1;0,8
14:15;117,7;0,1;0,8
14:15;117,7;0,1;0,8
14:15;117,7;0,1;0,8
14:15;117,7;0,1;0,8
14:15;117,7;0,1;0,8
14:15:10;117,7;0,1;0,8
14:15:11;117,8;0,1;0,8
14:15:12;117,8;0,1;0,8
14:15:13;117,9;0,1;0,8
14:15:14;117,9;0,1;0,8
14:15:15;118;0,1;0,8
14:15:16;118;0,1;0,8
14:15:17;118,1;0,1;0,8
14:15:18;118,1;0,1;0,9
14:15:19;118,2;0,1;0,9
14:15:20;118,2;0,1;0,9
14:15:21;118,3;0,1;0,9
14:15:22;118,3;0,1;0,9
14:15:23;118,4;0,1;0,9
14:15:24;118,4;0,1;0,9
14:15:25;118,4;0,1;0,9
14:15:26;118,5;0,1;0,9
14:15:27;118,5;0,1;0,9
14:15:28;118,5;0,1;0,9
14:15:29;118,6;0,1;0,9
14:15:30;118,6;0,1;0,9
14:15:31;118,7;0,1;0,9
14:15:32;118,7;0,1;0,9
14:15:33;118,8;0,1;0,9
14:15:34;118,8;0,1;0,9
14:15:35;118,9;0,1;0,9
14:15:36;118,9;0,1;0,9
14:15:37;119;0,1;0,9
14:15:38;119;0,1;0,9
14:15:39;119,1;0,1;0,9
14:15:40;119,1;0,1;0,9
14:15:41;119,2;0,1;0,9
14:15:42;119,2;0,1;0,9
14:15:43;119,2;0,1;0,9
14:15:44;119,2;0,1;0,9
14:15:45;119,3;0,1;1
14:15:46;119,3;0,1;1
14:15:47;119,3;0,1;1
14:15:48;119,3;0,1;1
14:15:49;119,4;0,1;1
14:15:50;119,4;0,1;1
14:15:51;119,5;0,1;1
14:15:52;119,6;0,1;1
14:15:53;119,6;0,1;1
14:15:54;119,7;0,1;1
14:15:55;119,8;0,1;1
14:15:56;119,8;0,1;1
14:15:57;119,9;0,1;1
14:15:58;119,9;0,1;1
14:15:59;120;0,1;1
14:16;120;0,1;1
14:16;120,1;0,1;1
14:16;120,2;0,1;1
14:16;120,2;0,1;1
14:16;120,3;0,1;1
14:16;120,3;0,1;1
14:16;120,3;0,1;1
14:16;120,4;0,1;1
14:16;120,5;0,1;1
14:16;120,5;0,1;1
14:16:10;120,6;0,1;1
14:16:11;120,7;0,1;1
14:16:12;120,7;0,1;1
14:16:13;120,8;0,1;1
14:16:14;120,9;0,1;1
14:16:15;120,9;0,1;1
14:16:16;121;0,1;1
14:16:17;121,1;0,1;1
14:16:18;121,1;0,1;1,1
14:16:19;121,2;0,1;1,1
14:16:20;121,2;0,1;1,1
14:16:21;121,3;0,1;1,1
14:16:22;121,3;0,1;1,1
14:16:23;121,4;0,1;1,1
14:16:24;121,4;0,1;1,1
14:16:25;121,5;0,1;1,1
14:16:26;121,5;0,1;1,1
14:16:27;121,5;0,1;1,1
14:16:28;121,5;0,1;1,1
14:16:29;121,6;0,1;1,1
14:16:30;121,6;0,1;1,2
14:16:31;121,7;0,1;1,2
14:16:32;121,7;0,1;1,2
14:16:33;121,8;0,1;1,2
14:16:34;121,8;0,1;1,2
14:16:35;121,9;0,1;1,2
14:16:36;121,9;0,1;1,2
14:16:37;122;0,1;1,2
14:16:38;122;0,1;1,2
14:16:39;122,1;0,1;1,2
14:16:40;122,1;0,1;1,2
14:16:41;122,1;0,1;1,2
14:16:42;122,2;0,1;1,2
14:16:43;122,3;0,1;1,2
14:16:44;122,3;0,1;1,2
14:16:45;122,4;0,1;1,2
14:16:46;122,4;0,1;1,2
14:16:47;122,5;0,1;1,2
14:16:48;122,6;0,1;1,2
14:16:49;122,7;0,1;1,2
14:16:50;122,7;0,1;1,2
14:16:51;122,8;0,1;1,2
14:16:52;122,8;0,1;1,2
14:16:53;122,9;0,1;1,2
14:16:54;122,9;0,1;1,2
14:16:55;122,9;0,1;1,2
14:16:56;122,9;0,1;1,2
14:16:57;123;0,1;1,2
14:16:58;123;0,1;1,3
14:16:59;123,1;0,1;1,3
14:17;123,2;0,1;1,3
14:17;123,2;0,1;1,3
14:17;123,3;0,1;1,3
14:17;123,3;0,1;1,3
14:17;123,4;0,1;1,3
14:17;123,4;0,1;1,3
14:17;123,5;0,1;1,3
14:17;123,5;0,1;1,3
14:17;123,5;0,1;1,3
14:17;123,6;0,1;1,3
14:17:10;123,6;0,1;1,4
14:17:11;123,7;0,1;1,4
14:17:12;123,7;0,1;1,4
14:17:13;123,8;0,1;1,4
14:17:14;123,9;0,1;1,4
14:17:15;124;0,1;1,4
14:17:16;124,1;0,1;1,4
14:17:17;124,2;0,1;1,4
14:17:18;124,2;0,1;1,4
14:17:19;124,3;0,1;1,4
14:17:20;124,3;0,1;1,4
14:17:21;124,4;0,1;1,4
14:17:22;124,5;0,1;1,4
14:17:23;124,6;0,1;1,4
14:17:24;124,6;0,1;1,4
14:17:25;124,7;0,1;1,4
14:17:26;124,8;0,1;1,4
14:17:27;124,8;0,1;1,4
14:17:28;124,9;0,1;1,4
14:17:29;124,9;0,1;1,4
14:17:30;125;0,1;1,4
14:17:31;125,1;0,1;1,4
14:17:32;125,1;0,1;1,4
14:17:33;125,2;0,1;1,4
14:17:34;125,2;0,1;1,5
14:17:35;125,3;0,1;1,5
14:17:36;125,4;0,1;1,5
14:17:37;125,5;0,1;1,5
14:17:38;125,5;0,1;1,5
14:17:39;125,5;0,1;1,5
14:17:40;125,6;0,1;1,5
14:17:41;125,6;0,1;1,5
14:17:42;125,7;0,1;1,5
14:17:43;125,7;0,1;1,5
14:17:44;125,8;0,1;1,5
14:17:45;125,9;0,1;1,5
14:17:46;125,9;0,1;1,6
14:17:47;126;0,1;1,6
14:17:48;126,1;0,1;1,6
14:17:49;126,1;0,1;1,6
14:17:50;126,2;0,1;1,6
14:17:51;126,3;0,1;1,6
14:17:52;126,3;0,1;1,6
14:17:53;126,4;0,1;1,6
14:17:54;126,4;0,1;1,6
14:17:55;126,5;0,1;1,7
14:17:56;126,6;0,1;1,7
14:17:57;126,6;0,1;1,7
14:17:58;126,7;0,1;1,7
14:17:59;126,8;0,1;1,7
14:18;126,9;0,1;1,7
14:18;126,9;0,1;1,7
14:18;127;0,1;1,7
14:18;127;0,1;1,7
14:18;127,1;0,1;1,7
14:18;127,2;0,1;1,7
14:18;127,3;0,1;1,7
14:18;127,4;0,1;1,7
14:18;127,4;0,1;1,7
14:18;127,6;0,1;1,7
14:18:10;127,6;0,1;1,7
14:18:11;127,7;0,1;1,7
14:18:12;127,8;0,1;1,7
14:18:13;127,8;0,1;1,7
14:18:14;127,9;0,1;1,7
14:18:15;128;0,1;1,7
14:18:16;128;0,1;1,7
14:18:17;128,1;0,1;1,7
14:18:18;128,2;0,1;1,7
14:18:19;128,3;0,1;1,7
14:18:20;128,3;0,1;1,8
14:18:21;128,4;0,1;1,8
14:18:22;128,5;0,1;1,8
14:18:23;128,5;0,1;1,8
14:18:24;128,6;0,1;1,8
14:18:25;128,6;0,1;1,8
14:18:26;128,7;0,1;1,8
14:18:27;128,8;0,1;1,8
14:18:28;128,8;0,1;1,9
14:18:29;128,9;0,1;1,9
14:18:30;129;0,1;1,9
14:18:31;129;0,1;1,9
14:18:32;129,1;0,1;1,9
14:18:33;129,2;0,1;1,9
14:18:34;129,2;0,1;1,9
14:18:35;129,3;0,1;1,9
14:18:36;129,3;0,1;1,9
14:18:37;129,4;0,1;1,9
14:18:38;129,5;0,1;1,9
14:18:39;129,6;0,1;1,9
14:18:40;129,7;0,1;1,9
14:18:41;129,7;0,1;1,9
14:18:42;129,8;0,1;1,9
14:18:43;129,9;0,1;1,9
14:18:44;130;0,1;1,9
14:18:45;130,1;0,1;1,9
14:18:46;130,1;0,1;1,9
14:18:47;130,2;0,1;2
14:18:48;130,3;0,1;2
14:18:49;130,4;0,1;2
14:18:50;130,5;0,1;2
14:18:51;130,6;0,1;2
14:18:52;130,7;0,1;2
14:18:53;130,8;0,1;2
14:18:54;130,9;0,1;2
14:18:55;131;0,1;2,1
14:18:56;131;0,1;2,1
14:18:57;131,1;0,1;2,1
14:18:58;131,2;0,1;2,1
14:18:59;131,3;0,1;2,1
14:19;131,4;0,1;2,1
14:19;131,4;0,1;2,1
14:19;131,5;0,1;2,1
14:19;131,6;0,1;2,1
14:19;131,7;0,1;2,1
14:19;131,8;0,1;2,1
14:19;131,8;0,1;2,1
14:19;131,9;0,1;2,1
14:19;132;0,1;2,1
14:19;132,1;0,1;2,1
14:19:10;132,1;0,1;2,1
14:19:11;132,2;0,1;2,1
14:19:12;132,3;0,1;2,1
14:19:13;132,4;0,1;2,1
14:19:14;132,5;0,1;2,1
14:19:15;132,5;0,1;2,2
14:19:16;132,6;0,1;2,2
14:19:17;132,7;0,1;2,2
14:19:18;132,8;0,1;2,2
14:19:19;133;0,1;2,2
14:19:20;133;0,1;2,2
14:19:21;133,2;0,1;2,2
14:19:22;133,3;0,1;2,2
14:19:23;133,5;0,1;2,2
14:19:24;133,7;0,1;2,3
14:19:25;133,8;0,1;2,3
14:19:26;133,9;0,1;2,3
14:19:27;134,1;0,1;2,3
14:19:28;134,2;0,1;2,3
14:19:29;134,3;0,1;2,3
14:19:30;134,4;0,1;2,3
14:19:31;134,6;0,1;2,3
14:19:32;134,8;0,1;2,3
14:19:33;134,9;0,1;2,3
14:19:34;135;0,1;2,3
14:19:35;135,2;0,1;2,3
14:19:36;135,3;0,1;2,3
14:19:37;135,5;0,1;2,3
14:19:38;135,6;0,1;2,3
14:19:39;135,7;0,1;2,3
14:19:40;135,8;0,1;2,4
14:19:41;136;0,1;2,4
14:19:42;136,1;0,1;2,4
14:19:43;136,2;0,1;2,4
14:19:44;136,3;0,1;2,4
14:19:45;136,5;0,1;2,4
14:19:46;136,6;0,1;2,4
14:19:47;136,7;0,1;2,5
14:19:48;136,8;0,1;2,5
14:19:49;136,9;0,1;2,5
14:19:50;137;0,1;2,5
14:19:51;137,1;0,1;2,5
14:19:52;137,2;0,1;2,5
14:19:53;137,2;0,1;2,5
14:19:54;137,3;0,1;2,5
14:19:55;137,4;0,1;2,5
14:19:56;137,5;0,1;2,5
14:19:57;137,6;0,1;2,5
14:19:58;137,6;0,1;2,5
14:19:59;137,7;0,1;2,5
14:20;137,8;0,1;2,5
14:20;137,9;0,1;2,5
14:20;138;0,1;2,5
14:20;138,1;0,1;2,6
14:20;138,2;0,1;2,6
14:20;138,3;0,1;2,6
14:20;138,4;0,1;2,6
14:20;138,6;0,1;2,6
14:20;138,6;0,1;2,6
14:20;138,8;0,1;2,6
14:20:10;138,9;0,1;2,7
14:20:11;139;0,1;2,7
14:20:12;139,1;0,1;2,7
14:20:13;139,2;0,1;2,7
14:20:14;139,3;0,1;2,7
14:20:15;139,4;0,1;2,7
14:20:16;139,5;0,1;2,7
14:20:17;139,6;0,1;2,7
14:20:18;139,7;0,1;2,8
14:20:19;139,7;0,1;2,8
14:20:20;139,8;0,1;2,8
14:20:21;139,9;0,1;2,8
14:20:22;139,9;0,1;2,8
14:20:23;140;0,1;2,8
14:20:24;140,1;0,1;2,8
14:20:25;140,2;0,1;2,8
14:20:26;140,2;0,1;2,8
14:20:27;140,3;0,1;2,8
14:20:28;140,4;0,1;2,8
14:20:29;140,5;0,1;2,8
14:20:30;140,5;0,1;2,8
14:20:31;140,6;0,1;2,8
14:20:32;140,7;0,1;2,8
14:20:33;140,8;0,1;2,9
14:20:34;140,9;0,1;2,9
14:20:35;141;0,1;2,9
14:20:36;141;0,1;2,9
14:20:37;141,1;0,1;2,9
14:20:38;141,2;0,1;2,9
14:20:39;141,3;0,1;2,9
14:20:40;141,4;0,1;2,9
14:20:41;141,4;0,1;3
14:20:42;141,6;0,1;3
14:20:43;141,7;0,1;3
14:20:44;141,8;0,1;3
14:20:45;141,9;0,1;3
14:20:46;141,9;0,1;3
14:20:47;142,1;0,1;3
14:20:48;142,2;0,1;3
14:20:49;142,3;0,1;3
14:20:50;142,3;0,1;3
14:20:51;142,4;0,1;3
14:20:52;142,5;0,1;3
14:20:53;142,6;0,1;3
14:20:54;142,7;0,1;3
14:20:55;142,8;0,1;3
14:20:56;142,8;0,1;3
14:20:57;142,9;0,1;3,1
14:20:58;143;0,1;3,1
14:20:59;143,1;0,1;3,1
14:21;143,2;0,1;3,1
14:21;143,2;0,1;3,1
14:21;143,3;0,1;3,1
14:21;143,4;0,1;3,1
14:21;143,5;0,1;3,2
14:21;143,6;0,1;3,2
14:21;143,7;0,1;3,2
14:21;143,8;0,1;3,2
14:21;143,8;0,1;3,2
14:21;144;0,1;3,2
14:21:10;144;0,1;3,2
14:21:11;144,1;0,1;3,2
14:21:12;144,2;0,1;3,2
14:21:13;144,2;0,1;3,2
14:21:14;144,3;0,1;3,2
14:21:15;144,4;0,1;3,3
14:21:16;144,4;0,1;3,3
14:21:17;144,5;0,1;3,3
14:21:18;144,6;0,1;3,3
14:21:19;144,6;0,1;3,3
14:21:20;144,7;0,1;3,3
14:21:21;144,9;0,1;3,3
14:21:22;145;0,1;3,3
14:21:23;145,1;0,1;3,3
14:21:24;145,2;0,1;3,4
14:21:25;145,3;0,1;3,4
14:21:26;145,4;0,1;3,4
14:21:27;145,6;0,1;3,4
14:21:28;145,6;0,1;3,4
14:21:29;145,7;0,1;3,4
14:21:30;145,8;0,1;3,4
14:21:31;145,9;0,1;3,4
14:21:32;146;0,1;3,4
14:21:33;146;0,1;3,4
14:21:34;146,1;0,1;3,4
14:21:35;146,1;0,1;3,5
14:21:36;146,2;0,1;3,5
14:21:37;146,3;0,1;3,5
14:21:38;146,3;0,1;3,5
14:21:39;146,4;0,1;3,5
14:21:40;146,4;0,1;3,5
14:21:41;146,5;0,1;3,6
14:21:42;146,6;0,1;3,6
14:21:43;146,7;0,1;3,6
14:21:44;146,7;0,1;3,6
14:21:45;146,8;0,1;3,6
14:21:46;146,9;0,1;3,6
14:21:47;147;0,1;3,6
14:21:48;147,1;0,1;3,6
14:21:49;147,1;0,1;3,6
14:21:50;147,2;0,1;3,6
14:21:51;147,3;0,1;3,7
14:21:52;147,3;0,1;3,7
14:21:53;147,4;0,1;3,7
14:21:54;147,5;0,1;3,7
14:21:55;147,6;0,1;3,7
14:21:56;147,6;0,1;3,7
14:21:57;147,7;0,1;3,7
14:21:58;147,7;0,1;3,7
14:21:59;147,9;0,1;3,7
14:22;148;0,1;3,7
14:22;148;0,1;3,7
14:22;148,1;0,1;3,7
14:22;148,1;0,1;3,7
14:22;148,2;0,1;3,8
14:22;148,2;0,1;3,8
14:22;148,3;0,1;3,8
14:22;148,3;0,1;3,8
14:22;148,3;0,1;3,8
14:22;148,4;0,1;3,9
14:22:10;148,4;0,1;3,9
14:22:11;148,5;0,1;3,9
14:22:12;148,5;0,1;3,9
14:22:13;148,6;0,1;3,9
14:22:14;148,6;0,1;3,9
14:22:15;148,7;0,1;3,9
14:22:16;148,7;0,1;3,9
14:22:17;148,7;0,1;3,9
14:22:18;148,8;0,1;3,9
14:22:19;148,8;0,1;3,9
14:22:20;148,9;0,1;3,9
14:22:21;148,9;0,1;4
14:22:22;149;0,1;4
14:22:23;149,1;0,1;4
14:22:24;149,2;0,1;4
14:22:25;149,3;0,1;4
14:22:26;149,3;0,1;4
14:22:27;149,4;0,1;4,1
14:22:28;149,5;0,1;4,1
14:22:29;149,7;0,1;4,1
14:22:30;149,7;0,1;4,1
14:22:31;149,8;0,1;4,1
14:22:32;149,9;0,1;4,1
14:22:33;150;0,1;4,1
14:22:34;150;0,1;4,1
14:22:35;150,1;0,1;4,1
14:22:36;150,2;0,1;4,1
14:22:37;150,3;0,1;4,1
14:22:38;150,3;0,1;4,1
14:22:39;150,4;0,1;4,1
14:22:40;150,5;0,1;4,1
14:22:41;150,6;0,1;4,2
14:22:42;150,7;0,1;4,2
14:22:43;150,8;0,1;4,2
14:22:44;150,8;0,1;4,2
14:22:45;150,9;0,1;4,2
14:22:46;151;0,1;4,2
14:22:47;151,1;0,1;4,2
14:22:48;151,2;0,1;4,2
14:22:49;151,2;0,1;4,2
14:22:50;151,3;0,1;4,3
14:22:51;151,4;0,1;4,3
14:22:52;151,4;0,1;4,3
14:22:53;151,5;0,1;4,3
14:22:54;151,6;0,1;4,3
14:22:55;151,6;0,1;4,3
14:22:56;151,7;0,1;4,3
14:22:57;151,8;0,1;4,3
14:22:58;151,8;0,1;4,3
14:22:59;151,9;0,1;4,3
14:23;152;0,1;4,3
14:23;152;0,1;4,3
14:23;152,1;0,1;4,4
14:23;152,2;0,1;4,4
14:23;152,2;0,1;4,4
14:23;152,3;0,1;4,4
14:23;152,4;0,1;4,4
14:23;152,4;0,1;4,4
14:23;152,5;0,1;4,4
14:23;152,6;0,1;4,4
14:23:10;152,6;0,1;4,5
14:23:11;152,7;0,1;4,5
14:23:12;152,7;0,1;4,5
14:23:13;152,8;0,1;4,5
14:23:14;152,9;0,1;4,5
14:23:15;153;0,1;4,5
14:23:16;153;0,1;4,5
14:23:17;153,2;0,1;4,5
14:23:18;153,2;0,1;4,5
14:23:19;153,3;0,1;4,5
14:23:20;153,4;0,1;4,5
14:23:21;153,4;0,1;4,5
14:23:22;153,5;0,1;4,6
14:23:23;153,6;0,1;4,6
14:23:24;153,6;0,1;4,6
14:23:25;153,6;0,1;4,6
14:23:26;153,6;0,1;4,6
14:23:27;153,7;0,1;4,7
14:23:28;153,7;0,1;4,7
14:23:29;153,8;0,1;4,7
14:23:30;153,8;0,1;4,7
14:23:31;153,9;0,1;4,7
14:23:32;154;0,1;4,7
14:23:33;154;0,1;4,7
14:23:34;154,1;0,1;4,8
14:23:35;154,2;0,1;4,8
14:23:36;154,2;0,1;4,8
14:23:37;154,3;0,1;4,8
14:23:38;154,4;0,1;4,8
14:23:39;154,5;0,1;4,8
14:23:40;154,6;0,1;4,8
14:23:41;154,6;0,1;4,8
14:23:42;154,7;0,1;4,8
14:23:43;154,8;0,1;4,8
14:23:44;154,9;0,1;4,8
14:23:45;155;0,1;4,8
14:23:46;155,1;0,1;4,8
14:23:47;155,2;0,1;4,9
14:23:48;155,2;0,1;4,9
14:23:49;155,3;0,1;4,9
14:23:50;155,4;0,1;4,9
14:23:51;155,5;0,1;4,9
14:23:52;155,5;0,1;5
14:23:53;155,6;0,1;5
14:23:54;155,7;0,1;5
14:23:55;155,7;0,1;5
14:23:56;155,8;0,1;5
14:23:57;155,9;0,1;5
14:23:58;155,9;0,1;5
14:23:59;156;0,1;5
14:24;156,1;0,1;5
14:24;156,2;0,1;5
14:24;156,2;0,1;5
14:24;156,2;0,1;5
14:24;156,3;0,1;5,1
14:24;156,3;0,1;5,1
14:24;156,4;0,1;5,1
14:24;156,5;0,1;5,2
14:24;156,5;0,1;5,2
14:24;156,6;0,1;5,2
14:24:10;156,7;0,1;5,2
14:24:11;156,7;0,1;5,2
14:24:12;156,8;0,1;5,2
14:24:13;156,9;0,1;5,2
14:24:14;156,9;0,1;5,2
14:24:15;157;0,1;5,2
14:24:16;157,1;0,1;5,2
14:24:17;157,2;0,1;5,2
14:24:18;157,2;0,1;5,3
14:24:19;157,3;0,1;5,3
14:24:20;157,4;0,1;5,3
14:24:21;157,5;0,1;5,3
14:24:22;157,5;0,1;5,3
14:24:23;157,7;0,1;5,3
14:24:24;157,8;0,1;5,4
14:24:25;157,9;0,1;5,4
14:24:26;158;0,1;5,4
14:24:27;158,1;0,1;5,4
14:24:28;158,1;0,1;5,4
14:24:29;158,2;0,1;5,4
14:24:30;158,3;0,1;5,4
14:24:31;158,4;0,1;5,4
14:24:32;158,5;0,1;5,4
14:24:33;158,6;0,1;5,4
14:24:34;158,7;0,1;5,4
14:24:35;158,8;0,1;5,5
14:24:36;158,8;0,1;5,5
14:24:37;158,9;0,1;5,5
14:24:38;159;0,1;5,5
14:24:39;159;0,1;5,6
14:24:40;159,1;0,1;5,6
14:24:41;159,2;0,1;5,6
14:24:42;159,2;0,1;5,6
14:24:43;159,3;0,1;5,6
14:24:44;159,3;0,1;5,7
14:24:45;159,4;0,1;5,7
14:24:46;159,4;0,1;5,7
14:24:47;159,5;0,1;5,7
14:24:48;159,6;0,1;5,7
14:24:49;159,7;0,1;5,7
14:24:50;159,7;0,1;5,7
14:24:51;159,8;0,1;5,7
14:24:52;159,9;0,1;5,7
14:24:53;160,1;0,1;5,7
14:24:54;160,1;0,1;5,7
14:24:55;160,2;0,1;5,7
14:24:56;160,3;0,1;5,7
14:24:57;160,4;0,1;5,8
14:24:58;160,5;0,1;5,8
14:24:59;160,6;0,1;5,8
14:25;160,6;0,1;5,8
14:25;160,7;0,1;5,9
14:25;160,8;0,1;5,9
14:25;160,8;0,1;5,9
14:25;160,9;0,1;5,9
14:25;161;0,1;5,9
14:25;161,1;0,1;5,9
14:25;161,2;0,1;5,9
14:25;161,3;0,1;5,9
14:25;161,4;0,1;5,9
14:25:10;161,4;0,1;5,9
14:25:11;161,5;0,1;5,9
14:25:12;161,6;0,1;6
14:25:13;161,7;0,1;6
14:25:14;161,7;0,1;6
14:25:15;161,8;0,1;6
14:25:16;161,9;0,1;6
14:25:17;162;0,1;6,1
14:25:18;162;0,1;6,1
14:25:19;162,1;0,1;6,1
14:25:20;162,2;0,1;6,1
14:25:21;162,3;0,1;6,1
14:25:22;162,4;0,1;6,1
14:25:23;162,4;0,1;6,2
14:25:24;162,5;0,1;6,2
14:25:25;162,6;0,1;6,2
14:25:26;162,7;0,1;6,2
14:25:27;162,7;0,1;6,3
14:25:28;162,8;0,1;6,3
14:25:29;162,9;0,1;6,3
14:25:30;162,9;0,1;6,3
14:25:31;163;0,1;6,3
14:25:32;163,1;0,1;6,3
14:25:33;163,2;0,1;6,3
14:25:34;163,2;0,1;6,3
14:25:35;163,3;0,1;6,4
14:25:36;163,4;0,1;6,4
14:25:37;163,5;0,1;6,5
14:25:38;163,6;0,1;6,5
14:25:39;163,7;0,1;6,5
14:25:40;163,8;0,1;6,5
14:25:41;163,9;0,1;6,5
14:25:42;164;0,1;6,6
14:25:43;164,1;0,1;6,6
14:25:44;164,1;0,1;6,6
14:25:45;164,3;0,1;6,6
14:25:46;164,3;0,1;6,6
14:25:47;164,4;0,1;6,6
14:25:48;164,5;0,1;6,6
14:25:49;164,6;0,1;6,6
14:25:50;164,6;0,1;6,6
14:25:51;164,8;0,1;6,7
14:25:52;164,8;0,1;6,7
14:25:53;164,9;0,1;6,7
14:25:54;165;0,1;6,7
14:25:55;165,1;0,1;6,8
14:25:56;165,1;0,1;6,8
14:25:57;165,3;0,1;6,8
14:25:58;165,3;0,1;6,8
14:25:59;165,5;0,1;6,8
14:26;165,6;0,1;6,8
14:26;165,7;0,1;6,8
14:26;165,8;0,1;6,8
14:26;165,9;0,1;6,9
14:26;165,9;0,1;6,9
14:26;166;0,1;6,9
14:26;166,1;0,1;6,9
14:26;166,2;0,1;7
14:26;166,2;0,1;7
14:26;166,3;0,1;7
14:26:10;166,3;0,1;7
14:26:11;166,4;0,1;7
14:26:12;166,5;0,1;7
14:26:13;166,5;0,1;7
14:26:14;166,6;0,1;7
14:26:15;166,7;0,1;7
14:26:16;166,8;0,1;7,1
14:26:17;166,8;0,1;7,1
14:26:18;166,9;0,1;7,1
14:26:19;167,1;0,1;7,2
14:26:20;167,2;0,1;7,2
14:26:21;167,3;0,1;7,2
14:26:22;167,3;0,1;7,2
14:26:23;167,5;0,1;7,2
14:26:24;167,5;0,1;7,2
14:26:25;167,6;0,1;7,2
14:26:26;167,7;0,1;7,2
14:26:27;167,7;0,1;7,2
14:26:28;167,8;0,1;7,2
14:26:29;167,9;0,1;7,2
14:26:30;167,9;0,1;7,2
14:26:31;168;0,1;7,3
14:26:32;168;0,1;7,3
14:26:33;168,1;0,1;7,3
14:26:34;168,2;0,1;7,3
14:26:35;168,3;0,1;7,3
14:26:36;168,3;0,1;7,3
14:26:37;168,4;0,1;7,4
14:26:38;168,6;0,1;7,4
14:26:39;168,6;0,1;7,4
14:26:40;168,7;0,1;7,4
14:26:41;168,8;0,1;7,4
14:26:42;168,8;0,1;7,4
14:26:43;168,9;0,1;7,4
14:26:44;169;0,1;7,4
14:26:45;169,1;0,1;7,4
14:26:46;169,1;0,1;7,4
14:26:47;169,2;0,1;7,5
14:26:48;169,3;0,1;7,5
14:26:49;169,3;0,1;7,5
14:26:50;169,5;0,1;7,5
14:26:51;169,5;0,1;7,6
14:26:52;169,6;0,1;7,6
14:26:53;169,7;0,1;7,6
14:26:54;169,8;0,1;7,6
14:26:55;169,9;0,1;7,6
14:26:56;169,9;0,1;7,7
14:26:57;170;0,1;7,7
14:26:58;170,1;0,1;7,7
14:26:59;170,1;0,1;7,7
14:27;170,2;0,1;7,7
14:27;170,2;0,1;7,7
14:27;170,3;0,1;7,7
14:27;170,4;0,1;7,7
14:27;170,5;0,1;7,7
14:27;170,5;0,1;7,8
14:27;170,6;0,1;7,8
14:27;170,7;0,1;7,8
14:27;170,7;0,1;7,8
14:27;170,8;0,1;7,9
14:27:10;170,9;0,1;7,9
14:27:11;171;0,1;7,9
14:27:12;171,2;0,1;7,9
14:27:13;171,2;0,1;7,9
14:27:14;171,4;0,1;7,9
14:27:15;171,4;0,1;7,9
14:27:16;171,5;0,1;8
14:27:17;171,5;0,1;8
14:27:18;171,6;0,1;8
14:27:19;171,7;0,1;8
14:27:20;171,8;0,1;8,1
14:27:21;171,8;0,1;8,1
14:27:22;171,9;0,1;8,1
14:27:23;171,9;0,1;8,1
14:27:24;171,9;0,1;8,1
14:27:25;171,9;0,1;8,1
14:27:26;172;0,1;8,1
14:27:27;172;0,1;8,1
14:27:28;172,1;0,1;8,1
14:27:29;172,1;0,1;8,2
14:27:30;172,2;0,1;8,2
14:27:31;172,3;0,1;8,2
14:27:32;172,4;0,1;8,3
14:27:33;172,5;0,1;8,3
14:27:34;172,5;0,1;8,3
14:27:35;172,6;0,1;8,3
14:27:36;172,8;0,1;8,3
14:27:37;172,8;0,1;8,3
14:27:38;173;0,1;8,3
14:27:39;173;0,1;8,3
14:27:40;173,1;0,1;8,3
14:27:41;173,1;0,1;8,4
14:27:42;173,2;0,1;8,4
14:27:43;173,3;0,1;8,4
14:27:44;173,4;0,1;8,4
14:27:45;173,5;0,1;8,5
14:27:46;173,6;0,1;8,5
14:27:47;173,7;0,1;8,5
14:27:48;173,7;0,1;8,5
14:27:49;173,8;0,1;8,6
14:27:50;173,8;0,1;8,6
14:27:51;173,9;0,1;8,6
14:27:52;173,9;0,1;8,6
14:27:53;174;0,1;8,6
14:27:54;174;0,1;8,6
14:27:55;174,1;0,1;8,6
14:27:56;174,2;0,1;8,7
14:27:57;174,3;0,1;8,7
14:27:58;174,4;0,1;8,7
14:27:59;174,5;0,1;8,7
14:28;174,6;0,1;8,7
14:28;174,6;0,1;8,8
14:28;174,7;0,1;8,8
14:28;174,8;0,1;8,8
14:28;174,9;0,1;8,8
14:28;174,9;0,1;8,8
14:28;175;0,1;8,8
14:28;175,1;0,1;8,8
14:28;175,1;0,1;8,8
14:28;175,2;0,1;8,9
14:28:10;175,3;0,1;8,9
14:28:11;175,3;0,1;8,9
14:28:12;175,4;0,1;8,9
14:28:13;175,5;0,1;9
14:28:14;175,7;0,1;9
14:28:15;175,8;0,1;9
14:28:16;175,9;0,1;9
14:28:17;175,9;0,1;9
14:28:18;176;0,1;9
14:28:19;176,1;0,1;9
14:28:20;176,2;0,1;9
14:28:21;176,2;0,1;9,1
14:28:22;176,3;0,1;9,1
14:28:23;176,4;0,1;9,1
14:28:24;176,5;0,1;9,1
14:28:25;176,5;0,1;9,2
14:28:26;176,6;0,1;9,2
14:28:27;176,6;0,1;9,2
14:28:28;176,7;0,1;9,2
14:28:29;176,7;0,1;9,2
14:28:30;176,8;0,1;9,2
14:28:31;176,9;0,1;9,3
14:28:32;176,9;0,1;9,3
14:28:33;177;0,1;9,3
14:28:34;177,1;0,1;9,3
14:28:35;177,1;0,1;9,4
14:28:36;177,2;0,1;9,4
14:28:37;177,3;0,1;9,4
14:28:38;177,4;0,1;9,4
14:28:39;177,4;0,1;9,4
14:28:40;177,5;0,1;9,4
14:28:41;177,6;0,1;9,4
14:28:42;177,7;0,1;9,5
14:28:43;177,8;0,1;9,5
14:28:44;177,9;0,1;9,5
14:28:45;177,9;0,1;9,5
14:28:46;178;0,1;9,6
14:28:47;178,1;0,1;9,6
14:28:48;178,2;0,1;9,6
14:28:49;178,3;0,1;9,6
14:28:50;178,4;0,1;9,7
14:28:51;178,4;0,1;9,7
14:28:52;178,6;0,1;9,7
14:28:53;178,7;0,1;9,7
14:28:54;178,8;0,1;9,7
14:28:55;178,9;0,1;9,7
14:28:56;179;0,1;9,8
14:28:57;179,1;0,1;9,8
14:28:58;179,2;0,1;9,8
14:28:59;179,2;0,1;9,8
14:29;179,3;0,1;9,9
14:29;179,4;0,1;9,9
14:29;179,5;0,1;9,9
14:29;179,5;0,1;9,9
14:29;179,6;0,1;9,9
14:29;179,7;0,1;9,9
14:29;179,8;0,1;9,9
14:29;179,8;0,1;10
14:29;179,9;0,1;10
14:29;179,9;0,1;10
14:29:10;180;0,1;10,1
14:29:11;180;0,1;10,1
14:29:12;180,1;0,1;10,1
14:29:13;180,2;0,1;10,1
14:29:14;180,2;0,1;10,1
14:29:15;180,3;0,1;10,1
14:29:16;180,4;0,1;10,2
14:29:17;180,5;0,1;10,2
14:29:18;180,6;0,1;10,2
14:29:19;180,6;0,1;10,2
14:29:20;180,7;0,1;10,3
14:29:21;180,8;0,1;10,3
14:29:22;180,9;0,1;10,3
14:29:23;180,9;0,1;10,3
14:29:24;181;0,1;10,3
14:29:25;181,1;0,1;10,3
14:29:26;181,3;0,1;10,4
14:29:27;181,4;0,1;10,4
14:29:28;181,5;0,1;10,4
14:29:29;181,6;0,1;10,4
14:29:30;181,7;0,1;10,5
14:29:31;181,8;0,1;10,5
14:29:32;181,9;0,1;10,5
14:29:33;181,9;0,1;10,6
14:29:34;182;0,1;10,6
14:29:35;182;0,1;10,6
14:29:36;182,1;0,1;10,6
14:29:37;182,2;0,1;10,6
14:29:38;182,3;0,1;10,6
14:29:39;182,3;0,1;10,6
14:29:40;182,4;0,1;10,7
14:29:41;182,5;0,1;10,7
14:29:42;182,6;0,1;10,7
14:29:43;182,6;0,1;10,8
14:29:44;182,7;0,1;10,8
14:29:45;182,8;0,1;10,8
14:29:46;182,9;0,1;10,8
14:29:47;182,9;0,1;10,8
14:29:48;183;0,1;10,8
14:29:49;183,1;0,1;10,9
14:29:50;183,2;0,1;10,9
14:29:51;183,3;0,1;10,9
14:29:52;183,5;0,1;11
14:29:53;183,5;0,1;11
14:29:54;183,6;0,1;11
14:29:55;183,7;0,1;11
14:29:56;183,8;0,1;11
14:29:57;183,9;0,1;11
14:29:58;183,9;0,1;11
14:29:59;184;0,1;11,1
14:30;184,1;0,1;11,1
14:30;184,2;0,1;11,1
14:30;184,3;0,1;11,1
14:30;184,4;0,1;11,2
14:30;184,5;0,1;11,2
14:30;184,6;0,1;11,2
14:30;184,7;0,1;11,2
14:30;184,7;0,1;11,2
14:30;184,8;0,1;11,3
14:30;184,9;0,1;11,3
14:30:10;184,9;0,1;11,3
14:30:11;185;0,1;11,4
14:30:12;185,1;0,1;11,4
14:30:13;185,2;0,1;11,4
14:30:14;185,2;0,1;11,4
14:30:15;185,3;0,1;11,4
14:30:16;185,4;0,1;11,4
14:30:17;185,4;0,1;11,5
14:30:18;185,5;0,1;11,5
14:30:19;185,6;0,1;11,5
14:30:20;185,7;0,1;11,6
14:30:21;185,7;0,1;11,6
14:30:22;185,8;0,1;11,6
14:30:23;185,9;0,1;11,7
14:30:24;186;0,1;11,7
14:30:25;186,1;0,1;11,7
14:30:26;186,1;0,1;11,7
14:30:27;186,2;0,1;11,7
14:30:28;186,3;0,1;11,7
14:30:29;186,3;0,1;11,7
14:30:30;186,4;0,1;11,7
14:30:31;186,5;0,1;11,8
14:30:32;186,6;0,1;11,8
14:30:33;186,7;0,1;11,8
14:30:34;186,8;0,1;11,9
14:30:35;186,9;0,1;11,9
14:30:36;187;0,1;11,9
14:30:37;187;0,1;11,9
14:30:38;187,2;0,1;11,9
14:30:39;187,2;0,1;11,9
14:30:40;187,4;0,1;12
14:30:41;187,4;0,1;12
14:30:42;187,5;0,1;12,1
14:30:43;187,6;0,1;12,1
14:30:44;187,7;0,1;12,1
14:30:45;187,8;0,1;12,1
14:30:46;187,8;0,1;12,1
14:30:47;187,9;0,1;12,2
14:30:48;188;0,1;12,2
14:30:49;188;0,1;12,2
14:30:50;188,1;0,1;12,2
14:30:51;188,2;0,1;12,3
14:30:52;188,2;0,1;12,3
14:30:53;188,3;0,1;12,3
14:30:54;188,4;0,1;12,3
14:30:55;188,4;0,1;12,3
14:30:56;188,5;0,1;12,3
14:30:57;188,5;0,1;12,4
14:30:58;188,6;0,1;12,4
14:30:59;188,6;0,1;12,4
14:31;188,7;0,1;12,5
14:31;188,7;0,1;12,5
14:31;188,8;0,1;12,5
14:31;188,9;0,1;12,6
14:31;188,9;0,1;12,6
14:31;189;0,1;12,6
14:31;189,1;0,1;12,6
14:31;189,1;0,1;12,6
14:31;189,2;0,1;12,7
14:31;189,3;0,1;12,7
14:31:10;189,4;0,1;12,7
14:31:11;189,5;0,1;12,8
14:31:12;189,6;0,1;12,8
14:31:13;189,7;0,1;12,8
14:31:14;189,8;0,1;12,8
14:31:15;189,8;0,1;12,8
14:31:16;189,9;0,1;12,8
14:31:17;190;0,1;12,9
14:31:18;190,1;0,1;12,9
14:31:19;190,2;0,1;12,9
14:31:20;190,2;0,1;13
14:31:21;190,3;0,1;13
14:31:22;190,4;0,1;13
14:31:23;190,5;0,1;13
14:31:24;190,5;0,1;13
14:31:25;190,6;0,1;13
14:31:26;190,6;0,1;13,1
14:31:27;190,7;0,1;13,1
14:31:28;190,8;0,1;13,1
14:31:29;190,8;0,1;13,2
14:31:30;190,9;0,1;13,2
14:31:31;190,9;0,1;13,2
14:31:32;191;0,1;13,2
14:31:33;191,1;0,1;13,2
14:31:34;191,1;0,1;13,3
14:31:35;191,2;0,1;13,3
14:31:36;191,3;0,1;13,3
14:31:37;191,4;0,1;13,4
14:31:38;191,5;0,1;13,4
14:31:39;191,5;0,1;13,4
14:31:40;191,7;0,1;13,5
14:31:41;191,8;0,1;13,5
14:31:42;191,9;0,1;13,5
14:31:43;192;0,1;13,5
14:31:44;192;0,1;13,5
14:31:45;192,2;0,1;13,6
14:31:46;192,3;0,1;13,6
14:31:47;192,4;0,1;13,7
14:31:48;192,5;0,1;13,7
14:31:49;192,5;0,1;13,7
14:31:50;192,7;0,1;13,7
14:31:51;192,7;0,1;13,7
14:31:52;192,8;0,1;13,7
14:31:53;192,9;0,1;13,8
14:31:54;192,9;0,1;13,8
14:31:55;193;0,1;13,9
14:31:56;193,1;0,1;13,9
14:31:57;193,1;0,1;13,9
14:31:58;193,2;0,1;13,9
14:31:59;193,3;0,1;14
14:32;193,4;0,1;14
14:32;193,5;0,1;14
14:32;193,6;0,1;14,1
14:32;193,7;0,1;14,1
14:32;193,8;0,1;14,1
14:32;193,9;0,1;14,1
14:32;194;0,1;14,1
14:32;194;0,1;14,1
14:32;194,1;0,1;14,2
14:32;194,1;0,1;14,2
14:32:10;194,2;0,1;14,3
14:32:11;194,3;0,1;14,3
14:32:12;194,4;0,1;14,3
14:32:13;194,4;0,1;14,3
14:32:14;194,5;0,1;14,3
14:32:15;194,6;0,1;14,4
